"","text","favorited","favoriteCount","replyToSN","created","truncated","replyToSID","id","replyToUID","statusSource","screenName","retweetCount","isRetweet","retweeted","longitude","latitude","created2"
"1","RT @climagt: #climagt #traficogt

Para su información https://t.co/KtxJjuThhh",FALSE,0,NA,2019-10-16 18:10:15,FALSE,NA,"1184532020036276225",NA,"<a href=""http://twitter.com/download/android"" rel=""nofollow"">Twitter for Android</a>","juanma1404",3,TRUE,FALSE,NA,NA,2019-10-16 12:10:15
"2","#climagt #traficogt

Para su información https://t.co/KtxJjuThhh",FALSE,5,NA,2019-10-16 18:07:59,FALSE,NA,"1184531446683320322",NA,"<a href=""https://www.hootsuite.com"" rel=""nofollow"">Hootsuite Inc.</a>","climagt",3,FALSE,FALSE,NA,NA,2019-10-16 12:07:59
"3","RT @Luisbarrios_502: Tres Trailers averiados en la cuesta de Villa Lobos además de la lluvia complican el #TraficoGT en el área @soy_502 ht…",FALSE,0,NA,2019-10-16 18:04:54,FALSE,NA,"1184530674453241856",NA,"<a href=""http://twitter.com/download/android"" rel=""nofollow"">Twitter for Android</a>","ottofar",4,TRUE,FALSE,NA,NA,2019-10-16 12:04:54
"4","RT @Luisbarrios_502: Tres Trailers averiados en la cuesta de Villa Lobos además de la lluvia complican el #TraficoGT en el área @soy_502 ht…",FALSE,0,NA,2019-10-16 18:04:46,FALSE,NA,"1184530637908250624",NA,"<a href=""https://mobile.twitter.com"" rel=""nofollow"">Twitter Web App</a>","ClaudinaR3",4,TRUE,FALSE,NA,NA,2019-10-16 12:04:46
"5","RT @Luisbarrios_502: Tres Trailers averiados en la cuesta de Villa Lobos además de la lluvia complican el #TraficoGT en el área @soy_502 ht…",FALSE,0,NA,2019-10-16 18:03:23,FALSE,NA,"1184530292591206400",NA,"<a href=""https://about.twitter.com/products/tweetdeck"" rel=""nofollow"">TweetDeck</a>","soy_502",4,TRUE,FALSE,NA,NA,2019-10-16 12:03:23
"6","RT @reporteroUKNY: Explosión de transformador de electricidad, en carretera, vía Muxbal. Tres explosiones seguidas. @traficogt @prensa_libr…",FALSE,0,NA,2019-10-16 17:58:23,FALSE,NA,"1184529034304262145",NA,"<a href=""http://twitter.com/download/android"" rel=""nofollow"">Twitter for Android</a>","freddyamendoza",4,TRUE,FALSE,NA,NA,2019-10-16 11:58:23
"7","Tres Trailers averiados en la cuesta de Villa Lobos además de la lluvia complican el #TraficoGT en el área @soy_502 https://t.co/XTb0ypr544",FALSE,2,NA,2019-10-16 17:58:09,FALSE,NA,"1184528974694756353",NA,"<a href=""http://twitter.com/download/iphone"" rel=""nofollow"">Twitter for iPhone</a>","Luisbarrios_502",4,FALSE,FALSE,NA,NA,2019-10-16 11:58:09
"8","RT @PublinewsGT: @DanTzoc1982 #AHORA Trabajadores de la Municipalidad de Santa Catarina Pinula continúan trabajos de tala de árbol en el ki…",FALSE,0,NA,2019-10-16 17:57:30,FALSE,NA,"1184528810953334786",NA,"<a href=""http://twitter.com/download/android"" rel=""nofollow"">Twitter for Android</a>","El_Carzhifico_",2,TRUE,FALSE,NA,NA,2019-10-16 11:57:30
"9","RT @PublinewsGT: @DanTzoc1982 #AHORA Trabajadores de la Municipalidad de Santa Catarina Pinula continúan trabajos de tala de árbol en el ki…",FALSE,0,NA,2019-10-16 17:57:06,FALSE,NA,"1184528711028281345",NA,"<a href=""https://mobile.twitter.com"" rel=""nofollow"">Twitter Web App</a>","ERamirez_EUD",2,TRUE,FALSE,NA,NA,2019-10-16 11:57:06
"10","RT @traficogt: Que no hay peligro de fuga, luego de regresar de estar fugados.  
RT @LuisAra56435933: @traficogt @el_Periodico Y así va a p…",FALSE,0,NA,2019-10-16 17:56:41,FALSE,NA,"1184528605587615744",NA,"<a href=""http://twitter.com/download/android"" rel=""nofollow"">Twitter for Android</a>","Yoliriverar",4,TRUE,FALSE,NA,NA,2019-10-16 11:56:41
"11","RT @MaxDeGuate: Y por fín me logre parquear...

#TraficoGT #ClimaGT https://t.co/xL61Lx1Slz",FALSE,0,NA,2019-10-16 17:53:32,FALSE,NA,"1184527811144568832",NA,"<a href=""http://twitter.com/download/android"" rel=""nofollow"">Twitter for Android</a>","Jcml1114ar",2,TRUE,FALSE,NA,NA,2019-10-16 11:53:32
"12","RT @desastresgt: Prudencia al acceder por Muxbal, en dirección a Ciudad. Árbol colapso a las 11:30 horas sobre transformador eléctrico. #De…",FALSE,0,NA,2019-10-16 17:52:36,FALSE,NA,"1184527577073012736",NA,"<a href=""http://twitter.com/download/android"" rel=""nofollow"">Twitter for Android</a>","densetsuiii",3,TRUE,FALSE,NA,NA,2019-10-16 11:52:36
"13","RT @Luisdom66876876: no creo que sean tan mulas viendo la situacion y aun asi las hagan https://t.co/DafmHGauNJ",FALSE,0,NA,2019-10-16 17:51:42,FALSE,NA,"1184527348995121152",NA,"<a href=""http://twitter.com/download/android"" rel=""nofollow"">Twitter for Android</a>","EstelaM70647964",1,TRUE,FALSE,NA,NA,2019-10-16 11:51:42
"14","Continuamos con el monitoreo en todas las colonias de #zona10 precaución #TraficoGT continua la lluvia… https://t.co/eVdu0iRARx",FALSE,1,NA,2019-10-16 17:49:20,TRUE,NA,"1184526755765407744",NA,"<a href=""http://twitter.com/download/android"" rel=""nofollow"">Twitter for Android</a>","alcaldiaZ10",0,FALSE,FALSE,NA,NA,2019-10-16 11:49:20
"15","no creo que sean tan mulas viendo la situacion y aun asi las hagan https://t.co/DafmHGauNJ",FALSE,1,NA,2019-10-16 17:49:18,FALSE,NA,"1184526745841614849",NA,"<a href=""https://mobile.twitter.com"" rel=""nofollow"">Twitter Web App</a>","Luisdom66876876",1,FALSE,FALSE,NA,NA,2019-10-16 11:49:18
"16","#ClimaGT | Árbol cae y bloquea el #TráficoGT en camino a Los Aposentos, Chimaltenango.
<U+25BA> https://t.co/Jzzu6T3Qz5 https://t.co/HwXQhPGGkN",FALSE,2,NA,2019-10-16 17:47:57,FALSE,NA,"1184526406170152960",NA,"<a href=""https://about.twitter.com/products/tweetdeck"" rel=""nofollow"">TweetDeck</a>","prensa_libre",0,FALSE,FALSE,NA,NA,2019-10-16 11:47:57
"17","RT @alcaldiaZ10: Precaución #TraficoGT paso a desnivel Papá Francisco en Bulevar los Próceres y 27 Avenida #zona10 cerrado momentáneamente.…",FALSE,0,NA,2019-10-16 17:47:08,FALSE,NA,"1184526200804466690",NA,"<a href=""http://twitter.com/download/iphone"" rel=""nofollow"">Twitter for iPhone</a>","1000tonsandoval",4,TRUE,FALSE,NA,NA,2019-10-16 11:47:08
"18","@DanTzoc1982 #AHORA Trabajadores de la Municipalidad de Santa Catarina Pinula continúan trabajos de tala de árbol e… https://t.co/ikn88WKe67",FALSE,1,"PublinewsGT",2019-10-16 17:46:52,TRUE,"1184522038293254144","1184526134354075650","710243881409839104","<a href=""https://about.twitter.com/products/tweetdeck"" rel=""nofollow"">TweetDeck</a>","PublinewsGT",2,FALSE,FALSE,NA,NA,2019-10-16 11:46:52
"19","RT @PublinewsGT: #AHORA Derrumbe en calzada La Paz genera #TráficoGT lento por el sector | Vía @SRamos_PN https://t.co/9suWskByKZ",FALSE,0,NA,2019-10-16 17:46:16,FALSE,NA,"1184525984235741190",NA,"<a href=""http://twitter.com/download/android"" rel=""nofollow"">Twitter for Android</a>","ddgarcia2010",10,TRUE,FALSE,NA,NA,2019-10-16 11:46:16
"20","RT @alcaldiazona16: Alerta Vial <U+0001F6A8>
Árbol caído en entre puente Monjitas y Bulevar San Isidro #zona16 boquea paso.

Personal de Limpia y Verd…",FALSE,0,NA,2019-10-16 17:45:56,FALSE,NA,"1184525898118238208",NA,"<a href=""http://twitter.com/download/iphone"" rel=""nofollow"">Twitter for iPhone</a>","_perla_leal",8,TRUE,FALSE,NA,NA,2019-10-16 11:45:56
"21","RT @desastresgt: Prudencia al acceder por Muxbal, en dirección a Ciudad. Árbol colapso a las 11:30 horas sobre transformador eléctrico. #De…",FALSE,0,NA,2019-10-16 17:45:53,FALSE,NA,"1184525886965592065",NA,"<a href=""http://twitter.com/download/iphone"" rel=""nofollow"">Twitter for iPhone</a>","LesCaridi",3,TRUE,FALSE,NA,NA,2019-10-16 11:45:53
"22","Río María Linda, desbordamiento registrado a las 11:30 horas Puerto Iztapa, Escuintla. #DesastresGT #TransitoGT… https://t.co/BTobQuHxt2",FALSE,0,NA,2019-10-16 17:43:17,TRUE,NA,"1184525233291694081",NA,"<a href=""http://twitter.com/download/android"" rel=""nofollow"">Twitter for Android</a>","desastresgt",1,FALSE,FALSE,NA,NA,2019-10-16 11:43:17
"23","@traficogt @silviajcalderon A como esta el clima no creo que salgan",FALSE,1,"traficogt",2019-10-16 17:43:04,FALSE,"1184524308779012096","1184525179264929792","93938886","<a href=""http://twitter.com/download/android"" rel=""nofollow"">Twitter for Android</a>","katurizar",0,FALSE,FALSE,NA,NA,2019-10-16 11:43:04
"24","Caída de un árbol encima de cables de alta tensión genera explosión de transformador electrico, carretera #Muxbal… https://t.co/hcpRQsQxn4",FALSE,0,NA,2019-10-16 17:42:45,TRUE,NA,"1184525097962524680",NA,"<a href=""http://twitter.com/download/iphone"" rel=""nofollow"">Twitter for iPhone</a>","reporteroUKNY",0,FALSE,FALSE,NA,NA,2019-10-16 11:42:45
"25","RT @DanTzoc1982: #ACTUALIZACIÓN

Otro árbol será derribado por personal de comuna ya que está por caer a inmediaciones del puente Monjitas…",FALSE,0,NA,2019-10-16 17:42:39,FALSE,NA,"1184525071500664833",NA,"<a href=""https://mobile.twitter.com"" rel=""nofollow"">Twitter Web App</a>","ERamirez_EUD",0,TRUE,FALSE,NA,NA,2019-10-16 11:42:39
"26","RT @DanTzoc1982: En breve se cerrará la ruta a El Salvador en el kilómetro 12 #TraficoGT complicado hacia San José Pinula, tomar vías alter…",FALSE,0,NA,2019-10-16 17:42:30,FALSE,NA,"1184525034175553536",NA,"<a href=""https://mobile.twitter.com"" rel=""nofollow"">Twitter Web App</a>","ERamirez_EUD",1,TRUE,FALSE,NA,NA,2019-10-16 11:42:30
"27","RT @reporteroUKNY: Explosión de transformador de electricidad, en carretera, vía Muxbal. Tres explosiones seguidas. @traficogt @prensa_libr…",FALSE,0,NA,2019-10-16 17:42:17,FALSE,NA,"1184524981759291392",NA,"<a href=""http://twitter.com/download/iphone"" rel=""nofollow"">Twitter for iPhone</a>","ligiamercedesg1",4,TRUE,FALSE,NA,NA,2019-10-16 11:42:17
"28","RT @eltraficogt: Tomar en cuenta. Cierre en Km.12 carr a el salvador. Muxbal. Pulte. Villa Canales a Colmenas. Si puede no salga. Alejese d…",FALSE,0,NA,2019-10-16 17:41:59,FALSE,NA,"1184524906685448192",NA,"<a href=""http://twitter.com/download/android"" rel=""nofollow"">Twitter for Android</a>","_KaterynP",7,TRUE,FALSE,NA,NA,2019-10-16 11:41:59
"29","Prudencia al acceder por Muxbal, en dirección a Ciudad. Árbol colapso a las 11:30 horas sobre transformador eléctri… https://t.co/ZOJ3PxFibu",FALSE,3,NA,2019-10-16 17:41:22,TRUE,NA,"1184524748572758017",NA,"<a href=""http://twitter.com/download/android"" rel=""nofollow"">Twitter for Android</a>","desastresgt",3,FALSE,FALSE,NA,NA,2019-10-16 11:41:22
"30","RT @PublinewsGT: #AHORA Cerrado un carril a la altura del kilómetro 12.5 de la ruta a El Salvador, en dirección a San José Pinula. Cuadrill…",FALSE,0,NA,2019-10-16 17:40:48,FALSE,NA,"1184524609472946177",NA,"<a href=""https://mobile.twitter.com"" rel=""nofollow"">Twitter Web App</a>","CUTRIGUA",4,TRUE,FALSE,NA,NA,2019-10-16 11:40:48
"31","RT @MaxDeGuate: Calculando que Siguen las Lluvias...

#TraficoGT #ClimaGT https://t.co/dUUrmHrBIZ",FALSE,0,NA,2019-10-16 17:39:44,FALSE,NA,"1184524338604773376",NA,"<a href=""http://twitter.com/download/android"" rel=""nofollow"">Twitter for Android</a>","giovatz",3,TRUE,FALSE,NA,NA,2019-10-16 11:39:44
"32","Alguien sabe si las manifestaciones de mañana estan confirmadas?

RT @silviajcalderon: @traficogt una consulta.  Ha… https://t.co/tEAu2VYWVE",FALSE,1,NA,2019-10-16 17:39:37,TRUE,NA,"1184524308779012096",NA,"<a href=""http://www.tweetcaster.com"" rel=""nofollow"">TweetCaster for Android</a>","traficogt",0,FALSE,FALSE,NA,NA,2019-10-16 11:39:37
"33","Tu estado de ánimo es el que está una M, el clima esta divino!!
#TraficoGT #LluviaGT https://t.co/SHUlHJNtr8",FALSE,0,NA,2019-10-16 17:39:13,FALSE,NA,"1184524207830552577",NA,"<a href=""http://twitter.com/download/iphone"" rel=""nofollow"">Twitter for iPhone</a>","Drwillian77",0,FALSE,FALSE,NA,NA,2019-10-16 11:39:13
"34","RT @reporteroUKNY: Explosión de transformador de electricidad, en carretera, vía Muxbal. Tres explosiones seguidas. @traficogt @prensa_libr…",FALSE,0,NA,2019-10-16 17:38:59,FALSE,NA,"1184524151043829760",NA,"<a href=""http://www.tweetcaster.com"" rel=""nofollow"">TweetCaster for Android</a>","traficogt",4,TRUE,FALSE,NA,NA,2019-10-16 11:38:59
"35","RT @MaxDeGuate: Venecia o Inglaterra noooop

Es Guatemala #ClimaGt #traficogt https://t.co/0xRaFrQnB9",FALSE,0,NA,2019-10-16 17:38:05,FALSE,NA,"1184523921888022529",NA,"<a href=""http://twitter.com/download/android"" rel=""nofollow"">Twitter for Android</a>","MaxDeGuate",6,TRUE,FALSE,NA,NA,2019-10-16 11:38:05
"36","Y por fín me logre parquear...

#TraficoGT #ClimaGT https://t.co/xL61Lx1Slz",FALSE,11,NA,2019-10-16 17:37:47,FALSE,NA,"1184523847304908800",NA,"<a href=""http://twitter.com/download/android"" rel=""nofollow"">Twitter for Android</a>","MaxDeGuate",2,FALSE,FALSE,NA,NA,2019-10-16 11:37:47
"37","RT @MaxDeGuate: Calculando que Siguen las Lluvias...

#TraficoGT #ClimaGT https://t.co/dUUrmHrBIZ",FALSE,0,NA,2019-10-16 17:37:45,FALSE,NA,"1184523840019488768",NA,"<a href=""https://mobile.twitter.com"" rel=""nofollow"">Twitter Web App</a>","elcosebautista",3,TRUE,FALSE,NA,NA,2019-10-16 11:37:45
"38","Explosión de transformador de electricidad, en carretera, vía Muxbal. Tres explosiones seguidas. @traficogt… https://t.co/E69IJNgBW5",FALSE,1,NA,2019-10-16 17:36:19,TRUE,NA,"1184523478705283078",NA,"<a href=""http://twitter.com/download/iphone"" rel=""nofollow"">Twitter for iPhone</a>","reporteroUKNY",4,FALSE,FALSE,NA,NA,2019-10-16 11:36:19
"39","RT @PublinewsGT: #AHORA Cerrado un carril a la altura del kilómetro 12.5 de la ruta a El Salvador, en dirección a San José Pinula. Cuadrill…",FALSE,0,NA,2019-10-16 17:36:03,FALSE,NA,"1184523410501787648",NA,"<a href=""https://noticiasguatemala2.com"" rel=""nofollow"">Pota APP</a>","NoticiasGT_",4,TRUE,FALSE,NA,NA,2019-10-16 11:36:03
"40","RT @MaxDeGuate: Calculando que Siguen las Lluvias...

#TraficoGT #ClimaGT https://t.co/dUUrmHrBIZ",FALSE,0,NA,2019-10-16 17:35:58,FALSE,NA,"1184523392390750210",NA,"<a href=""http://twitter.com/download/android"" rel=""nofollow"">Twitter for Android</a>","extasisvgames",3,TRUE,FALSE,NA,NA,2019-10-16 11:35:58
"41","En breve se cerrará la ruta a El Salvador en el kilómetro 12 #TraficoGT complicado hacia San José Pinula, tomar vía… https://t.co/cmqQC36Ohg",FALSE,2,NA,2019-10-16 17:33:54,TRUE,NA,"1184522871793766400",NA,"<a href=""http://twitter.com/download/android"" rel=""nofollow"">Twitter for Android</a>","DanTzoc1982",1,FALSE,FALSE,NA,NA,2019-10-16 11:33:54
"42","@traficogt una consulta.  Hay paro o manifestación para el día de mañana",FALSE,0,"traficogt",2019-10-16 17:33:54,FALSE,NA,"1184522871504289798","93938886","<a href=""http://twitter.com/download/android"" rel=""nofollow"">Twitter for Android</a>","silviajcalderon",0,FALSE,FALSE,NA,NA,2019-10-16 11:33:54
"43","Fuerzas del orden capturaron pareja de novios que se dedicaban a realizar robos en moto, los moto ladrones realizab… https://t.co/nVxgymTPHP",FALSE,4,NA,2019-10-16 17:32:52,TRUE,NA,"1184522611373629441",NA,"<a href=""http://twitter.com/download/iphone"" rel=""nofollow"">Twitter for iPhone</a>","betocardonam",2,FALSE,FALSE,NA,NA,2019-10-16 11:32:52
"44","RT @PublinewsGT: #AHORA Cerrado un carril a la altura del kilómetro 12.5 de la ruta a El Salvador, en dirección a San José Pinula. Cuadrill…",FALSE,0,NA,2019-10-16 17:31:21,FALSE,NA,"1184522227359895552",NA,"<a href=""https://mobile.twitter.com"" rel=""nofollow"">Twitter Web App</a>","avides_vgt",4,TRUE,FALSE,NA,NA,2019-10-16 11:31:21
"45","#AHORA Cerrado un carril a la altura del kilómetro 12.5 de la ruta a El Salvador, en dirección a San José Pinula. C… https://t.co/rpENf6oXaf",FALSE,4,NA,2019-10-16 17:30:35,TRUE,NA,"1184522038293254144",NA,"<a href=""https://about.twitter.com/products/tweetdeck"" rel=""nofollow"">TweetDeck</a>","PublinewsGT",4,FALSE,FALSE,NA,NA,2019-10-16 11:30:35
"46","#Ahora | ""No habrá cierre en el tramo del km 11 de ruta a El Salvador"", informó la PMT de Guatemala.  #TráficoGT
<U+25BA>… https://t.co/TzHTHrEQNW",FALSE,4,NA,2019-10-16 17:28:37,TRUE,NA,"1184521543470211072",NA,"<a href=""https://about.twitter.com/products/tweetdeck"" rel=""nofollow"">TweetDeck</a>","Guatevision_tv",0,FALSE,FALSE,NA,NA,2019-10-16 11:28:37
"47","#Ahora | PMT de Guatemala informa que no habrá cierre en el tramo del km 11 de ruta a El Salvador.  #TráficoGT
<U+25BA>… https://t.co/12K5R7HcNK",FALSE,2,NA,2019-10-16 17:28:00,TRUE,NA,"1184521384455802880",NA,"<a href=""https://about.twitter.com/products/tweetdeck"" rel=""nofollow"">TweetDeck</a>","prensa_libre",0,FALSE,FALSE,NA,NA,2019-10-16 11:28:00
"48","RT @betocardonam: Difundamos esta informacion,estos supuestos vendedores de dulces están realizando robos en contra de pasajeros de buses e…",FALSE,0,NA,2019-10-16 17:27:14,FALSE,NA,"1184521192172064768",NA,"<a href=""http://twitter.com/download/android"" rel=""nofollow"">Twitter for Android</a>","EmilioEspa82",32,TRUE,FALSE,NA,NA,2019-10-16 11:27:14
"49","#NACIONALES Autoridades municipales informaron que como medida de ""urgencia"" se hará la tala del árbol #TráficoGT https://t.co/0Oe8k6uyMD",FALSE,1,NA,2019-10-16 17:24:39,FALSE,NA,"1184520543145517057",NA,"<a href=""https://about.twitter.com/products/tweetdeck"" rel=""nofollow"">TweetDeck</a>","PublinewsGT",0,FALSE,FALSE,NA,NA,2019-10-16 11:24:39
"50","RT @prensa_libre: #ClimaGT | @scpmuni informa que cerrarán la carretera hacia El Salvador, y recomienda rutas alternas.
#TráficoGT 
<U+25BA> https…",FALSE,0,NA,2019-10-16 17:23:47,FALSE,NA,"1184520325867945985",NA,"<a href=""http://twitter.com/download/android"" rel=""nofollow"">Twitter for Android</a>","tita1373",6,TRUE,FALSE,NA,NA,2019-10-16 11:23:47
"51","Calculando que Siguen las Lluvias...

#TraficoGT #ClimaGT https://t.co/dUUrmHrBIZ",FALSE,7,NA,2019-10-16 17:19:39,FALSE,NA,"1184519283767943173",NA,"<a href=""http://twitter.com/download/android"" rel=""nofollow"">Twitter for Android</a>","MaxDeGuate",3,FALSE,FALSE,NA,NA,2019-10-16 11:19:39
"52","RT @PublinewsGT: #AHORA Derrumbe en calzada La Paz genera #TráficoGT lento por el sector | Vía @SRamos_PN https://t.co/9suWskByKZ",FALSE,0,NA,2019-10-16 17:18:38,FALSE,NA,"1184519028485820419",NA,"<a href=""http://twitter.com/download/android"" rel=""nofollow"">Twitter for Android</a>","DorisHurtarte",10,TRUE,FALSE,NA,NA,2019-10-16 11:18:38
"53","Sigue la Lluvia...

#TraficoGT 
#ClimaGT",FALSE,1,NA,2019-10-16 17:17:12,FALSE,NA,"1184518668933304320",NA,"<a href=""http://twitter.com/download/android"" rel=""nofollow"">Twitter for Android</a>","MaxDeGuate",0,FALSE,FALSE,NA,NA,2019-10-16 11:17:12
"54","Mansa paloma. Se hara selfie con Alvaro Jr me imagino.

RT @RadioPuntoGT: Se presenta esposa de Fredy Herald de Leó… https://t.co/619kbM9iBG",FALSE,0,NA,2019-10-16 17:17:03,TRUE,NA,"1184518632287690752",NA,"<a href=""http://www.tweetcaster.com"" rel=""nofollow"">TweetCaster for Android</a>","traficogt",0,FALSE,FALSE,NA,NA,2019-10-16 11:17:03
"55","RT @alcaldiaZ10: Precaución #TraficoGT paso a desnivel Papá Francisco en Bulevar los Próceres y 27 Avenida #zona10 cerrado momentáneamente.…",FALSE,0,NA,2019-10-16 17:16:03,FALSE,NA,"1184518378066718720",NA,"<a href=""http://twitter.com/download/android"" rel=""nofollow"">Twitter for Android</a>","tucitysemueve",4,TRUE,FALSE,NA,NA,2019-10-16 11:16:03
"56","RT @alcaldiazona16: @amilcarmontejo Personal municipal de podas, continúa realizando trabajos de remoción de obstáculos en área Monjitas #z…",FALSE,0,NA,2019-10-16 17:15:58,FALSE,NA,"1184518358433259523",NA,"<a href=""http://twitter.com/download/android"" rel=""nofollow"">Twitter for Android</a>","tucitysemueve",3,TRUE,FALSE,NA,NA,2019-10-16 11:15:58
"57","RT @alcaldiazona16: Alerta Vial <U+0001F6A8>
Árbol caído en entre puente Monjitas y Bulevar San Isidro #zona16 boquea paso.

Personal de Limpia y Verd…",FALSE,0,NA,2019-10-16 17:15:54,FALSE,NA,"1184518339319795712",NA,"<a href=""http://twitter.com/download/android"" rel=""nofollow"">Twitter for Android</a>","tucitysemueve",8,TRUE,FALSE,NA,NA,2019-10-16 11:15:54
"58","RT @republicagt: #Climagt |@ConredGuatemala informa que se registró caída de árbol en el kilómetro 28 carretera interamericana de la Ciudad…",FALSE,0,NA,2019-10-16 17:15:37,FALSE,NA,"1184518268545064961",NA,"<a href=""http://www.tweetcaster.com"" rel=""nofollow"">TweetCaster for Android</a>","traficogt",8,TRUE,FALSE,NA,NA,2019-10-16 11:15:37
"59","RT @PublinewsGT: @LesterRamirezEU #AHORA En breve se cerrará el paso en el kilómetro 12 de la ruta al El Salvador, por trabajos para talar…",FALSE,0,NA,2019-10-16 17:15:34,FALSE,NA,"1184518258260660232",NA,"<a href=""http://twitter.com/download/android"" rel=""nofollow"">Twitter for Android</a>","MartinezPiment3",1,TRUE,FALSE,NA,NA,2019-10-16 11:15:34
"60","RT @alcaldiaZ10: Precaución #TraficoGT paso a desnivel Papá Francisco en Bulevar los Próceres y 27 Avenida #zona10 cerrado momentáneamente.…",FALSE,0,NA,2019-10-16 17:15:32,FALSE,NA,"1184518250811609089",NA,"<a href=""http://twitter.com/download/iphone"" rel=""nofollow"">Twitter for iPhone</a>","gcardona83",4,TRUE,FALSE,NA,NA,2019-10-16 11:15:32
"61","RT @alcaldiaZ10: <U+0001F6A8>ATENCIÓN, CIERRE DE CARRETERA A EL SALVADOR CON SENTIDO A ORIENTE<U+0001F6A8>
A los usuarios de la ruta CA-1 Oriente Carretera a El…",FALSE,0,NA,2019-10-16 17:15:31,FALSE,NA,"1184518243018518528",NA,"<a href=""http://twitter.com/download/android"" rel=""nofollow"">Twitter for Android</a>","tucitysemueve",4,TRUE,FALSE,NA,NA,2019-10-16 11:15:31
"62","RT @ConredGuatemala: PREVENCIÓN. Si conduces en carreteras debes tomar las medidas de precaución necesarias por la posible caída de arboles…",FALSE,0,NA,2019-10-16 17:15:26,FALSE,NA,"1184518222588067840",NA,"<a href=""http://www.tweetcaster.com"" rel=""nofollow"">TweetCaster for Android</a>","traficogt",7,TRUE,FALSE,NA,NA,2019-10-16 11:15:26
"63","SI PUEDEN NO SALGAN 
#traficogt #ClimaGT",FALSE,3,NA,2019-10-16 17:07:47,FALSE,NA,"1184516297587122180",NA,"<a href=""https://mobile.twitter.com"" rel=""nofollow"">Twitter Web App</a>","marpg_4",1,FALSE,FALSE,NA,NA,2019-10-16 11:07:47
"64","RT @alcaldiaZ10: Precaución #TraficoGT paso a desnivel Papá Francisco en Bulevar los Próceres y 27 Avenida #zona10 cerrado momentáneamente.…",FALSE,0,NA,2019-10-16 17:07:26,FALSE,NA,"1184516212249772032",NA,"<a href=""https://about.twitter.com/products/tweetdeck"" rel=""nofollow"">TweetDeck</a>","info502",4,TRUE,FALSE,NA,NA,2019-10-16 11:07:26
"65","@LesterRamirezEU #AHORA En breve se cerrará el paso en el kilómetro 12 de la ruta al El Salvador, por trabajos para… https://t.co/KilVGkUpeh",FALSE,1,"PublinewsGT",2019-10-16 17:07:03,TRUE,"1184502943028039680","1184516114732240897","710243881409839104","<a href=""https://about.twitter.com/products/tweetdeck"" rel=""nofollow"">TweetDeck</a>","PublinewsGT",1,FALSE,FALSE,NA,NA,2019-10-16 11:07:03
"66","RT @betocardonam: Difundamos esta informacion,estos supuestos vendedores de dulces están realizando robos en contra de pasajeros de buses e…",FALSE,0,NA,2019-10-16 17:05:56,FALSE,NA,"1184515833005051906",NA,"<a href=""http://twitter.com/download/android"" rel=""nofollow"">Twitter for Android</a>","Jimsh78",32,TRUE,FALSE,NA,NA,2019-10-16 11:05:56
"67","RT @desastresgt: Km. 24 Carretera Interamericana Mixco. Pmts trabajan intentando habilitar y agilizar pasos por derrumbes. #DesastresGT #Tr…",FALSE,0,NA,2019-10-16 17:04:48,FALSE,NA,"1184515546257285120",NA,"<a href=""https://about.twitter.com/products/tweetdeck"" rel=""nofollow"">TweetDeck</a>","info502",3,TRUE,FALSE,NA,NA,2019-10-16 11:04:48
"68","RT @Guatevision_tv: #Ahora | Árbol bloquea el #TráficoGT en km 91 carretera antigua que conduce de Masagua hacia Puerto San José, #Escuintl…",FALSE,0,NA,2019-10-16 17:02:31,FALSE,NA,"1184514974963720194",NA,"<a href=""http://twitter.com/download/android"" rel=""nofollow"">Twitter for Android</a>","PrisMuralles",5,TRUE,FALSE,NA,NA,2019-10-16 11:02:31
"69","RT @amilcarmontejo: Picop impacta contra parabus en construcción de @TransmetroGuate sobre Periférico 14 calle #TransitoGT zona 7.

Informa…",FALSE,0,NA,2019-10-16 16:59:25,FALSE,NA,"1184514191530582017",NA,"<a href=""http://twitter.com/download/iphone"" rel=""nofollow"">Twitter for iPhone</a>","johnn_yj19",10,TRUE,FALSE,NA,NA,2019-10-16 10:59:25
"70","Precaución #TraficoGT paso a desnivel Papá Francisco en Bulevar los Próceres y 27 Avenida #zona10 cerrado momentáne… https://t.co/vdOzWMPn6o",FALSE,3,NA,2019-10-16 16:59:06,TRUE,NA,"1184514113826897921",NA,"<a href=""http://twitter.com/download/android"" rel=""nofollow"">Twitter for Android</a>","alcaldiaZ10",4,FALSE,FALSE,NA,NA,2019-10-16 10:59:06
"71","RT @amilcarmontejo: Bloqueado.

Árbol cayó en conexión vial entre puente Monjitas y antiguo destacamento militar en bulevar Acatan #Transit…",FALSE,0,NA,2019-10-16 16:58:57,FALSE,NA,"1184514074681528320",NA,"<a href=""http://twitter.com/download/iphone"" rel=""nofollow"">Twitter for iPhone</a>","johnn_yj19",25,TRUE,FALSE,NA,NA,2019-10-16 10:58:57
"72","RT @amilcarmontejo: ABRA TUIT.

Precaución por corto circuito en poste y cableado eléctrico de la 35 avenida ""A"" 27 calle #TransitoGT zona…",FALSE,0,NA,2019-10-16 16:58:32,FALSE,NA,"1184513969639378944",NA,"<a href=""http://twitter.com/download/iphone"" rel=""nofollow"">Twitter for iPhone</a>","johnn_yj19",13,TRUE,FALSE,NA,NA,2019-10-16 10:58:32
"73","RT @Guatevision_tv: #ClimaGT | Cierre de carretera hacia El Salvador. @scpmuni  recomienda rutas alternas.
#TráficoGT https://t.co/sGAcG18D…",FALSE,0,NA,2019-10-16 16:58:26,FALSE,NA,"1184513944519614464",NA,"<a href=""http://twitter.com/download/android"" rel=""nofollow"">Twitter for Android</a>","Katheriine_Eu",8,TRUE,FALSE,NA,NA,2019-10-16 10:58:26
"74","RT @Guatevision_tv: #ClimaGT | Cierre de carretera hacia El Salvador. @scpmuni  recomienda rutas alternas.
#TráficoGT https://t.co/sGAcG18D…",FALSE,0,NA,2019-10-16 16:54:42,FALSE,NA,"1184513006278975489",NA,"<a href=""https://mobile.twitter.com"" rel=""nofollow"">Twitter Web App</a>","salvadt",8,TRUE,FALSE,NA,NA,2019-10-16 10:54:42
"75","RT @prensa_libre: #ClimaGT | @scpmuni informa que cerrarán la carretera hacia El Salvador, y recomienda rutas alternas.
#TráficoGT 
<U+25BA> https…",FALSE,0,NA,2019-10-16 16:54:10,FALSE,NA,"1184512870165471232",NA,"<a href=""http://twitter.com/download/android"" rel=""nofollow"">Twitter for Android</a>","Mar1oxz5",6,TRUE,FALSE,NA,NA,2019-10-16 10:54:10
"76","RT @prensa_libre: #ClimaGT | @scpmuni informa que cerrarán la carretera hacia El Salvador, y recomienda rutas alternas.
#TráficoGT 
<U+25BA> https…",FALSE,0,NA,2019-10-16 16:53:41,FALSE,NA,"1184512750988550144",NA,"<a href=""http://twitter.com/download/android"" rel=""nofollow"">Twitter for Android</a>","martchester",6,TRUE,FALSE,NA,NA,2019-10-16 10:53:41
"77","RT @avec_tats: Y hoy cómo en todas las quincenas. #TraficoGT #Guatemala https://t.co/eFEEZW452a",FALSE,0,NA,2019-10-16 16:53:13,FALSE,NA,"1184512632021229569",NA,"<a href=""http://twitter.com/download/android"" rel=""nofollow"">Twitter for Android</a>","lmancarm",99,TRUE,FALSE,NA,NA,2019-10-16 10:53:13
"78","RT @EmisorasUnidas: #EULluvias <U+0001F327> Derrumbe en calzada La Paz genera #TráficoGT lento en el sector.
Vía @SRamos_PN https://t.co/v9hL6LJUuy",FALSE,0,NA,2019-10-16 16:53:03,FALSE,NA,"1184512591726551043",NA,"<a href=""https://mobile.twitter.com"" rel=""nofollow"">Twitter Web App</a>","mk_cycle",8,TRUE,FALSE,NA,NA,2019-10-16 10:53:03
"79","RT @Martalidiagt: Estimado @amilcarmontejo yo sé que mucho molesto pero de verdad le suplico tomar acciones con el tiempo del ""semáforo hum…",FALSE,0,NA,2019-10-16 16:50:55,FALSE,NA,"1184512052695617536",NA,"<a href=""http://twitter.com/download/android"" rel=""nofollow"">Twitter for Android</a>","todoporlafamily",1,TRUE,FALSE,NA,NA,2019-10-16 10:50:55
"80","RT @Guatevision_tv: #ClimaGT | Cierre de carretera hacia El Salvador. @scpmuni  recomienda rutas alternas.
#TráficoGT https://t.co/sGAcG18D…",FALSE,0,NA,2019-10-16 16:49:12,FALSE,NA,"1184511623773319168",NA,"<a href=""http://twitter.com/download/iphone"" rel=""nofollow"">Twitter for iPhone</a>","josemanuel_mc",8,TRUE,FALSE,NA,NA,2019-10-16 10:49:12
"81","Mientras tanto en zona 10 y 14... 
<U+0001F327><U+FE0F><U+2614>

#ClimaGT #LluviaGT #TraficoGT https://t.co/cyh4x7GErv",FALSE,8,NA,2019-10-16 16:48:38,FALSE,NA,"1184511478986170373",NA,"<a href=""http://twitter.com/download/android"" rel=""nofollow"">Twitter for Android</a>","MarSer88",0,FALSE,FALSE,NA,NA,2019-10-16 10:48:38
"82","RT @desastresgt: Km. 12 Carretera a El Salvador en dirección a Oriente, a partir de las 11 horas se realizará cierre total para cortar árbo…",FALSE,0,NA,2019-10-16 16:48:05,FALSE,NA,"1184511342289543168",NA,"<a href=""http://twitter.com/download/android"" rel=""nofollow"">Twitter for Android</a>","NandoSportsNews",1,TRUE,FALSE,NA,NA,2019-10-16 10:48:05
"83","RT @Brodriguez001: –Pregunta Seria–
Para estas lluvias...  <U+0001F327><U+FE0F><U+0001F632>
#TráficoGT
#Invierno #Lluvia #Guatemala",FALSE,0,NA,2019-10-16 16:47:41,FALSE,NA,"1184511239969476616",NA,"<a href=""http://twitter.com/download/android"" rel=""nofollow"">Twitter for Android</a>","todoporlafamily",1,TRUE,FALSE,NA,NA,2019-10-16 10:47:41
"84","RT @prensa_libre: #ClimaGT | @scpmuni informa que cerrarán la carretera hacia El Salvador, y recomienda rutas alternas.
#TráficoGT 
<U+25BA> https…",FALSE,0,NA,2019-10-16 16:47:17,FALSE,NA,"1184511140698693638",NA,"<a href=""http://twitter.com/download/iphone"" rel=""nofollow"">Twitter for iPhone</a>","Allhamia",6,TRUE,FALSE,NA,NA,2019-10-16 10:47:17
"85","RT @prensa_libre: #Ahora | Árbol bloquea el #TráficoGT en km 91 carretera antigua que conduce de Masagua hacia Puerto San José, #Escuintla.…",FALSE,0,NA,2019-10-16 16:47:06,FALSE,NA,"1184511092053217281",NA,"<a href=""http://twitter.com/download/android"" rel=""nofollow"">Twitter for Android</a>","Anir150710",4,TRUE,FALSE,NA,NA,2019-10-16 10:47:06
"86","RT @alcaldiaZ10: Precaución #TraficoGT, fuerte lluvia en #zona10 y varios sectores de la ciudad capital 

Encienda sus luces y guarde una d…",FALSE,0,NA,2019-10-16 16:46:52,FALSE,NA,"1184511033114796032",NA,"<a href=""https://mobile.twitter.com"" rel=""nofollow"">Twitter Web App</a>","EdgarAC89",2,TRUE,FALSE,NA,NA,2019-10-16 10:46:52
"87","RT @alcaldiaZ10: <U+0001F6A8>ATENCIÓN, CIERRE DE CARRETERA A EL SALVADOR CON SENTIDO A ORIENTE<U+0001F6A8>
A los usuarios de la ruta CA-1 Oriente Carretera a El…",FALSE,0,NA,2019-10-16 16:45:39,FALSE,NA,"1184510730554527750",NA,"<a href=""https://mobile.twitter.com"" rel=""nofollow"">Twitter Web App</a>","elpollogt",4,TRUE,FALSE,NA,NA,2019-10-16 10:45:39
"88","RT @PublinewsGT: #AHORA Derrumbe en calzada La Paz genera #TráficoGT lento por el sector | Vía @SRamos_PN https://t.co/9suWskByKZ",FALSE,0,NA,2019-10-16 16:45:33,FALSE,NA,"1184510701395681281",NA,"<a href=""http://twitter.com/download/android"" rel=""nofollow"">Twitter for Android</a>","bonnie_batres",10,TRUE,FALSE,NA,NA,2019-10-16 10:45:33
"89","RT @amilcarmontejo: ABRA TUIT.

Precaución por corto circuito en poste y cableado eléctrico de la 35 avenida ""A"" 27 calle #TransitoGT zona…",FALSE,0,NA,2019-10-16 16:43:20,FALSE,NA,"1184510145721708549",NA,"<a href=""http://twitter.com/download/iphone"" rel=""nofollow"">Twitter for iPhone</a>","Allanc780",13,TRUE,FALSE,NA,NA,2019-10-16 10:43:20
"90","RT @Guatevision_tv: #ClimaGT | Cierre de carretera hacia El Salvador. @scpmuni  recomienda rutas alternas.
#TráficoGT https://t.co/sGAcG18D…",FALSE,0,NA,2019-10-16 16:42:11,FALSE,NA,"1184509855987654656",NA,"<a href=""http://twitter.com/download/android"" rel=""nofollow"">Twitter for Android</a>","georgebc64",8,TRUE,FALSE,NA,NA,2019-10-16 10:42:11
"91","RT @eltraficogt: Tomar en cuenta. Cierre en Km.12 carr a el salvador. Muxbal. Pulte. Villa Canales a Colmenas. Si puede no salga. Alejese d…",FALSE,0,NA,2019-10-16 16:41:41,FALSE,NA,"1184509729407717378",NA,"<a href=""http://twitter.com/download/android"" rel=""nofollow"">Twitter for Android</a>","MarioCPer20",7,TRUE,FALSE,NA,NA,2019-10-16 10:41:41
"92","RT @Guatevision_tv: #ClimaGT | Cierre de carretera hacia El Salvador. @scpmuni  recomienda rutas alternas.
#TráficoGT https://t.co/sGAcG18D…",FALSE,0,NA,2019-10-16 16:41:15,FALSE,NA,"1184509622348124160",NA,"<a href=""http://twitter.com/download/android"" rel=""nofollow"">Twitter for Android</a>","GogoEmmy",8,TRUE,FALSE,NA,NA,2019-10-16 10:41:15
"93","RT @EmisorasUnidas: #EULluvias <U+0001F327> Derrumbe en calzada La Paz genera #TráficoGT lento en el sector.
Vía @SRamos_PN https://t.co/v9hL6LJUuy",FALSE,0,NA,2019-10-16 16:40:21,FALSE,NA,"1184509393607561216",NA,"<a href=""http://twitter.com/download/iphone"" rel=""nofollow"">Twitter for iPhone</a>","LotydeGuatemala",8,TRUE,FALSE,NA,NA,2019-10-16 10:40:21
"94","<U+0001F6A8>ATENCIÓN, CIERRE DE CARRETERA A EL SALVADOR CON SENTIDO A ORIENTE<U+0001F6A8>
A los usuarios de la ruta CA-1 Oriente Carreter… https://t.co/eI0tz2YD6N",FALSE,5,NA,2019-10-16 16:39:40,TRUE,NA,"1184509221783650304",NA,"<a href=""https://mobile.twitter.com"" rel=""nofollow"">Twitter Web App</a>","alcaldiaZ10",4,FALSE,FALSE,NA,NA,2019-10-16 10:39:40
"95","RT @prensa_libre: #ClimaGT | @scpmuni informa que cerrarán la carretera hacia El Salvador, y recomienda rutas alternas.
#TráficoGT 
<U+25BA> https…",FALSE,0,NA,2019-10-16 16:39:22,FALSE,NA,"1184509145535471616",NA,"<a href=""http://twitter.com/download/android"" rel=""nofollow"">Twitter for Android</a>","castilloreyna",6,TRUE,FALSE,NA,NA,2019-10-16 10:39:22
"96","RT @Guatevision_tv: #ClimaGT | Cierre de carretera hacia El Salvador. @scpmuni  recomienda rutas alternas.
#TráficoGT https://t.co/sGAcG18D…",FALSE,0,NA,2019-10-16 16:38:58,FALSE,NA,"1184509047585812480",NA,"<a href=""http://twitter.com/download/android"" rel=""nofollow"">Twitter for Android</a>","GDgamas",8,TRUE,FALSE,NA,NA,2019-10-16 10:38:58
"97","#ClimaGT  A las 11 horas la @scpmuni @PMTSCP cerrará totalmente el kilómetro 12 de carretera a El Salvador para der… https://t.co/rsDhM6LjHt",FALSE,1,NA,2019-10-16 16:38:40,TRUE,NA,"1184508970318336000",NA,"<a href=""http://twitter.com/download/android"" rel=""nofollow"">Twitter for Android</a>","PocasangreHenry",0,FALSE,FALSE,NA,NA,2019-10-16 10:38:40
"98","RT @Guatevision_tv: #ClimaGT | Cierre de carretera hacia El Salvador. @scpmuni  recomienda rutas alternas.
#TráficoGT https://t.co/sGAcG18D…",FALSE,0,NA,2019-10-16 16:38:29,FALSE,NA,"1184508925951074306",NA,"<a href=""https://mobile.twitter.com"" rel=""nofollow"">Twitter Web App</a>","NapoleonCampos",8,TRUE,FALSE,NA,NA,2019-10-16 10:38:29
"99","RT @Guatevision_tv: #ClimaGT | Cierre de carretera hacia El Salvador. @scpmuni  recomienda rutas alternas.
#TráficoGT https://t.co/sGAcG18D…",FALSE,0,NA,2019-10-16 16:38:15,FALSE,NA,"1184508865779589120",NA,"<a href=""http://twitter.com/download/android"" rel=""nofollow"">Twitter for Android</a>","JoeCoolPink",8,TRUE,FALSE,NA,NA,2019-10-16 10:38:15
"100","Basta ver la cantidad de vehículos que pasan todavía después que el semáforo se ha puesto en rojo para darse cuenta… https://t.co/OHNYGU9MZi",FALSE,0,NA,2019-10-16 16:38:02,TRUE,NA,"1184508813313036294",NA,"<a href=""http://twitter.com/download/android"" rel=""nofollow"">Twitter for Android</a>","julio_ecs",0,FALSE,FALSE,NA,NA,2019-10-16 10:38:02
"101","Dos personas fallecen soterradas al colapsar una vivienda en colonia Bella Vista, San Marcos @ConredGuatemala en al… https://t.co/ygmcS7OJuM",FALSE,1,NA,2019-10-16 16:37:26,TRUE,NA,"1184508661969932289",NA,"<a href=""http://twitter.com/download/iphone"" rel=""nofollow"">Twitter for iPhone</a>","betocardonam",0,FALSE,FALSE,NA,NA,2019-10-16 10:37:26
"102","#ClimaGT | Cierre de carretera hacia El Salvador. @scpmuni  recomienda rutas alternas.
#TráficoGT https://t.co/sGAcG18DuB",FALSE,5,NA,2019-10-16 16:34:58,FALSE,NA,"1184508039816273921",NA,"<a href=""https://about.twitter.com/products/tweetdeck"" rel=""nofollow"">TweetDeck</a>","Guatevision_tv",8,FALSE,FALSE,NA,NA,2019-10-16 10:34:58
"103","#ClimaGT | @scpmuni informa que cerrarán la carretera hacia El Salvador, y recomienda rutas alternas.
#TráficoGT 
<U+25BA>… https://t.co/yntht5YyNE",FALSE,6,NA,2019-10-16 16:34:30,TRUE,NA,"1184507921348079618",NA,"<a href=""https://about.twitter.com/products/tweetdeck"" rel=""nofollow"">TweetDeck</a>","prensa_libre",6,FALSE,FALSE,NA,NA,2019-10-16 10:34:30
"104","Km. 12 Carretera a El Salvador en dirección a Oriente, a partir de las 11 horas se realizará cierre total para cort… https://t.co/4PwVacd8z9",FALSE,1,NA,2019-10-16 16:31:14,TRUE,NA,"1184507100686368768",NA,"<a href=""http://twitter.com/download/android"" rel=""nofollow"">Twitter for Android</a>","desastresgt",1,FALSE,FALSE,NA,NA,2019-10-16 10:31:14
"105","–Pregunta Seria–
Para estas lluvias...  <U+0001F327><U+FE0F><U+0001F632>
#TráficoGT
#Invierno #Lluvia #Guatemala",FALSE,0,NA,2019-10-16 16:31:00,FALSE,NA,"1184507042096144384",NA,"<a href=""http://twitter.com/download/android"" rel=""nofollow"">Twitter for Android</a>","Brodriguez001",1,FALSE,FALSE,NA,NA,2019-10-16 10:31:00
"106","Lo que más me molesta del #TraficoGT no es el tiempo, es la imprudencia de la gente que tira el carro y acelera cua… https://t.co/DlgDHtMVyd",FALSE,2,NA,2019-10-16 16:30:06,TRUE,NA,"1184506815406624768",NA,"<a href=""http://twitter.com/download/android"" rel=""nofollow"">Twitter for Android</a>","ragekcarol",0,FALSE,FALSE,NA,NA,2019-10-16 10:30:06
"107","RT @alcaldiaZ10: Precaución #TraficoGT, fuerte lluvia en #zona10 y varios sectores de la ciudad capital 

Encienda sus luces y guarde una d…",FALSE,0,NA,2019-10-16 16:29:19,FALSE,NA,"1184506619675197440",NA,"<a href=""http://twitter.com/download/android"" rel=""nofollow"">Twitter for Android</a>","DanaDuaneCraft1",2,TRUE,FALSE,NA,NA,2019-10-16 10:29:19
"108","RT @eltraficogt: Tomar en cuenta. Cierre en Km.12 carr a el salvador. Muxbal. Pulte. Villa Canales a Colmenas. Si puede no salga. Alejese d…",FALSE,0,NA,2019-10-16 16:28:11,FALSE,NA,"1184506332382203904",NA,"<a href=""https://mobile.twitter.com"" rel=""nofollow"">Twitter Web App</a>","aura_renee",7,TRUE,FALSE,NA,NA,2019-10-16 10:28:11
"109","RT @PublinewsGT: #AHORA A las 11:00 horas estará cerrado el paso en el kilómetro 12 de la ruta a El Salvador por trabajos para talar un árb…",FALSE,0,NA,2019-10-16 16:26:34,FALSE,NA,"1184505925400498176",NA,"<a href=""https://mobile.twitter.com"" rel=""nofollow"">Twitter Web App</a>","Centsecsa",5,TRUE,FALSE,NA,NA,2019-10-16 10:26:34
"110","RT @eltraficogt: Tomar en cuenta. Cierre en Km.12 carr a el salvador. Muxbal. Pulte. Villa Canales a Colmenas. Si puede no salga. Alejese d…",FALSE,0,NA,2019-10-16 16:25:50,FALSE,NA,"1184505739978694659",NA,"<a href=""http://twitter.com/download/iphone"" rel=""nofollow"">Twitter for iPhone</a>","LotydeGuatemala",7,TRUE,FALSE,NA,NA,2019-10-16 10:25:50
"111","RT @eltraficogt: Tomar en cuenta. Cierre en Km.12 carr a el salvador. Muxbal. Pulte. Villa Canales a Colmenas. Si puede no salga. Alejese d…",FALSE,0,NA,2019-10-16 16:25:10,FALSE,NA,"1184505575587143680",NA,"<a href=""http://twitter.com/download/android"" rel=""nofollow"">Twitter for Android</a>","vhcb",7,TRUE,FALSE,NA,NA,2019-10-16 10:25:10
"112","Ya terminé pero me rehusó a irme a meter al #TraficoGT https://t.co/ONbNpIcRwG",FALSE,0,NA,2019-10-16 16:22:44,FALSE,NA,"1184504960047816704",NA,"<a href=""http://twitter.com/download/android"" rel=""nofollow"">Twitter for Android</a>","rodtmz",0,FALSE,FALSE,NA,NA,2019-10-16 10:22:44
"113","Tomar en cuenta. Cierre en Km.12 carr a el salvador. Muxbal. Pulte. Villa Canales a Colmenas. Si puede no salga. Al… https://t.co/kUuupNDRay",FALSE,9,NA,2019-10-16 16:20:37,TRUE,NA,"1184504430806405125",NA,"<a href=""http://twitter.com/download/iphone"" rel=""nofollow"">Twitter for iPhone</a>","eltraficogt",7,FALSE,FALSE,NA,NA,2019-10-16 10:20:37
"114","RT @Guatevision_tv: #Ahora | Árbol bloquea el #TráficoGT en km 91 carretera antigua que conduce de Masagua hacia Puerto San José, #Escuintl…",FALSE,0,NA,2019-10-16 16:19:16,FALSE,NA,"1184504089088069632",NA,"<a href=""http://twitter.com/download/android"" rel=""nofollow"">Twitter for Android</a>","GogoEmmy",5,TRUE,FALSE,NA,NA,2019-10-16 10:19:16
"115","RT @PublinewsGT: #AHORA A las 11:00 horas estará cerrado el paso en el kilómetro 12 de la ruta a El Salvador por trabajos para talar un árb…",FALSE,0,NA,2019-10-16 16:18:59,FALSE,NA,"1184504017361297414",NA,"<a href=""http://twitter.com/download/android"" rel=""nofollow"">Twitter for Android</a>","TopGunL300",5,TRUE,FALSE,NA,NA,2019-10-16 10:18:59
"116","RT @desastresgt: SOLOLA, ruta interamericana CA1 en jurisdicción del departamento del km 116.5 al 170 se reportan 14 derrumbes entre leves,…",FALSE,0,NA,2019-10-16 16:15:58,FALSE,NA,"1184503258242584576",NA,"<a href=""http://twitter.com/download/android"" rel=""nofollow"">Twitter for Android</a>","fatiguirola",1,TRUE,FALSE,NA,NA,2019-10-16 10:15:58
"117","RT @PublinewsGT: #AHORA A las 11:00 horas estará cerrado el paso en el kilómetro 12 de la ruta a El Salvador por trabajos para talar un árb…",FALSE,0,NA,2019-10-16 16:15:11,FALSE,NA,"1184503062657949696",NA,"<a href=""http://twitter.com/download/iphone"" rel=""nofollow"">Twitter for iPhone</a>","MariaGoPalomo",5,TRUE,FALSE,NA,NA,2019-10-16 10:15:11
"118","Precaución #TraficoGT, fuerte lluvia en #zona10 y varios sectores de la ciudad capital 

Encienda sus luces y guard… https://t.co/A2TUNK0ZZ2",FALSE,2,NA,2019-10-16 16:14:59,TRUE,NA,"1184503010321453056",NA,"<a href=""http://twitter.com/download/android"" rel=""nofollow"">Twitter for Android</a>","alcaldiaZ10",2,FALSE,FALSE,NA,NA,2019-10-16 10:14:59
"119","#AHORA A las 11:00 horas estará cerrado el paso en el kilómetro 12 de la ruta a El Salvador por trabajos para talar… https://t.co/WG6X1z3BB5",FALSE,2,NA,2019-10-16 16:14:43,TRUE,NA,"1184502943028039680",NA,"<a href=""https://about.twitter.com/products/tweetdeck"" rel=""nofollow"">TweetDeck</a>","PublinewsGT",5,FALSE,FALSE,NA,NA,2019-10-16 10:14:43
"120","Km. 24 Carretera Interamericana Mixco. Pmts trabajan intentando habilitar y agilizar pasos por derrumbes.… https://t.co/4t4RVqPGd4",FALSE,3,NA,2019-10-16 16:13:58,TRUE,NA,"1184502753999097856",NA,"<a href=""http://twitter.com/download/android"" rel=""nofollow"">Twitter for Android</a>","desastresgt",3,FALSE,FALSE,NA,NA,2019-10-16 10:13:58
"121","RT @desastresgt: Continúa ingreso de humedad las próximas 48 horas. Prudencia. #DesastresGT #TransitoGT #TraficoGT #LluviaGT #InundacionesG…",FALSE,0,NA,2019-10-16 16:11:56,FALSE,NA,"1184502241480335360",NA,"<a href=""http://twitter.com/download/android"" rel=""nofollow"">Twitter for Android</a>","RosettRuano",0,TRUE,FALSE,NA,NA,2019-10-16 10:11:56
"122","RT @TCA_UNIDOS: Guatemala <U+0001F1EC><U+0001F1F9>
#PrecauciónVial Ciudad Capital
 Colisión.7 avenida 1 calle #TransitoGT zona 9. Se iniciaron maniobras para hab…",FALSE,0,NA,2019-10-16 16:07:42,FALSE,NA,"1184501177641246720",NA,"<a href=""http://twitter.com/download/android"" rel=""nofollow"">Twitter for Android</a>","lis_sare",1,TRUE,FALSE,NA,NA,2019-10-16 10:07:42
"123","RT @PublinewsGT: #AHORA Derrumbe en calzada La Paz genera #TráficoGT lento por el sector | Vía @SRamos_PN https://t.co/9suWskByKZ",FALSE,0,NA,2019-10-16 16:05:05,FALSE,NA,"1184500518183473156",NA,"<a href=""http://twitter.com/download/android"" rel=""nofollow"">Twitter for Android</a>","castilloreyna",10,TRUE,FALSE,NA,NA,2019-10-16 10:05:05
"124","RT @betocardonam: Difundamos esta informacion,estos supuestos vendedores de dulces están realizando robos en contra de pasajeros de buses e…",FALSE,0,NA,2019-10-16 16:04:53,FALSE,NA,"1184500469462384640",NA,"<a href=""https://mobile.twitter.com"" rel=""nofollow"">Twitter Web App</a>","migue2078",32,TRUE,FALSE,NA,NA,2019-10-16 10:04:53
"125","RT @EmisorasUnidas: #EULluvias <U+0001F327> Derrumbe en calzada La Paz genera #TráficoGT lento en el sector.
Vía @SRamos_PN https://t.co/v9hL6LJUuy",FALSE,0,NA,2019-10-16 16:03:21,FALSE,NA,"1184500083716448256",NA,"<a href=""http://twitter.com/download/android"" rel=""nofollow"">Twitter for Android</a>","joclo21",8,TRUE,FALSE,NA,NA,2019-10-16 10:03:21
"126","RT @Guatevision_tv: #Ahora | Árbol bloquea el #TráficoGT en km 91 carretera antigua que conduce de Masagua hacia Puerto San José, #Escuintl…",FALSE,0,NA,2019-10-16 16:02:52,FALSE,NA,"1184499963600035840",NA,"<a href=""http://twitter.com/download/android"" rel=""nofollow"">Twitter for Android</a>","Mar1oxz5",5,TRUE,FALSE,NA,NA,2019-10-16 10:02:52
"127","RT @republicagt: #TransitoGT | Ten cuidado si transitas por la ruta Interamericana, se reportan algunos derrumbes, #PMT trabaja para retira…",FALSE,0,NA,2019-10-16 16:02:45,FALSE,NA,"1184499932507627523",NA,"<a href=""http://twitter.com/download/android"" rel=""nofollow"">Twitter for Android</a>","lis_sare",9,TRUE,FALSE,NA,NA,2019-10-16 10:02:45
"128","RT @EmisorasUnidas: #EULluvias <U+0001F327> Derrumbe en calzada La Paz genera #TráficoGT lento en el sector.
Vía @SRamos_PN https://t.co/v9hL6LJUuy",FALSE,0,NA,2019-10-16 16:02:02,FALSE,NA,"1184499752517459969",NA,"<a href=""https://noticiasguatemala2.com"" rel=""nofollow"">Pota APP</a>","NoticiasGT_",8,TRUE,FALSE,NA,NA,2019-10-16 10:02:02
"129","RT @betocardonam: Difundamos esta informacion,estos supuestos vendedores de dulces están realizando robos en contra de pasajeros de buses e…",FALSE,0,NA,2019-10-16 15:59:39,FALSE,NA,"1184499153944174593",NA,"<a href=""http://twitter.com/download/android"" rel=""nofollow"">Twitter for Android</a>","luisespana2013",32,TRUE,FALSE,NA,NA,2019-10-16 09:59:39
"130","RT @EmisorasUnidas: #EULluvias <U+0001F327> Derrumbe en calzada La Paz genera #TráficoGT lento en el sector.
Vía @SRamos_PN https://t.co/v9hL6LJUuy",FALSE,0,NA,2019-10-16 15:58:46,FALSE,NA,"1184498931885137920",NA,"<a href=""http://twitter.com/download/android"" rel=""nofollow"">Twitter for Android</a>","wendyGL_",8,TRUE,FALSE,NA,NA,2019-10-16 09:58:46
"131","RT @EmisorasUnidas: #EULluvias <U+0001F327> Derrumbe en calzada La Paz genera #TráficoGT lento en el sector.
Vía @SRamos_PN https://t.co/v9hL6LJUuy",FALSE,0,NA,2019-10-16 15:58:22,FALSE,NA,"1184498829455966208",NA,"<a href=""https://mobile.twitter.com"" rel=""nofollow"">Twitter Web App</a>","michelaguirre_",8,TRUE,FALSE,NA,NA,2019-10-16 09:58:22
"132","#EULluvias <U+0001F327> Derrumbe en calzada La Paz genera #TráficoGT lento en el sector.
Vía @SRamos_PN https://t.co/v9hL6LJUuy",FALSE,12,NA,2019-10-16 15:57:37,FALSE,NA,"1184498640187990017",NA,"<a href=""https://about.twitter.com/products/tweetdeck"" rel=""nofollow"">TweetDeck</a>","EmisorasUnidas",8,FALSE,FALSE,NA,NA,2019-10-16 09:57:37
"133","RT @PublinewsGT: #AHORA Derrumbe en calzada La Paz genera #TráficoGT lento por el sector | Vía @SRamos_PN https://t.co/9suWskByKZ",FALSE,0,NA,2019-10-16 15:57:27,FALSE,NA,"1184498598148530176",NA,"<a href=""http://twitter.com/download/android"" rel=""nofollow"">Twitter for Android</a>","JoeCoolPink",10,TRUE,FALSE,NA,NA,2019-10-16 09:57:27
"134","SOLOLA, ruta interamericana CA1 en jurisdicción del departamento del km 116.5 al 170 se reportan 14 derrumbes entre… https://t.co/GKEUXb6mzA",FALSE,1,NA,2019-10-16 15:57:27,TRUE,NA,"1184498596797915136",NA,"<a href=""http://twitter.com/download/android"" rel=""nofollow"">Twitter for Android</a>","desastresgt",1,FALSE,FALSE,NA,NA,2019-10-16 09:57:27
"135","RT @PublinewsGT: #AHORA Derrumbe en calzada La Paz genera #TráficoGT lento por el sector | Vía @SRamos_PN https://t.co/9suWskByKZ",FALSE,0,NA,2019-10-16 15:57:22,FALSE,NA,"1184498575788728323",NA,"<a href=""http://twitter.com/download/android"" rel=""nofollow"">Twitter for Android</a>","VilledaVilna",10,TRUE,FALSE,NA,NA,2019-10-16 09:57:22
"136","RT @PublinewsGT: #AHORA Derrumbe en calzada La Paz genera #TráficoGT lento por el sector | Vía @SRamos_PN https://t.co/9suWskByKZ",FALSE,0,NA,2019-10-16 15:55:59,FALSE,NA,"1184498231029436419",NA,"<a href=""https://mobile.twitter.com"" rel=""nofollow"">Twitter Web App</a>","michelaguirre_",10,TRUE,FALSE,NA,NA,2019-10-16 09:55:59
"137","RT @PublinewsGT: #AHORA Derrumbe en calzada La Paz genera #TráficoGT lento por el sector | Vía @SRamos_PN https://t.co/9suWskByKZ",FALSE,0,NA,2019-10-16 15:55:58,FALSE,NA,"1184498225849475073",NA,"<a href=""https://mobile.twitter.com"" rel=""nofollow"">Twitter Web App</a>","CUTRIGUA",10,TRUE,FALSE,NA,NA,2019-10-16 09:55:58
"138","#AHORA Derrumbe en calzada La Paz genera #TráficoGT lento por el sector | Vía @SRamos_PN https://t.co/9suWskByKZ",FALSE,14,NA,2019-10-16 15:54:52,FALSE,NA,"1184497947490344962",NA,"<a href=""https://about.twitter.com/products/tweetdeck"" rel=""nofollow"">TweetDeck</a>","PublinewsGT",10,FALSE,FALSE,NA,NA,2019-10-16 09:54:52
"139","RT @garcia_edel: Algo bueno me dejó el tráfico... <U+0001F602><U+0001F602><U+0001F602>
#TraficoGT https://t.co/VmsljfIRLX",FALSE,0,NA,2019-10-16 15:54:46,FALSE,NA,"1184497921657581570",NA,"<a href=""http://twitter.com/download/android"" rel=""nofollow"">Twitter for Android</a>","Juan71123159",2,TRUE,FALSE,NA,NA,2019-10-16 09:54:46
"140","RT @Guatevision_tv: #Ahora | Árbol bloquea el #TráficoGT en km 91 carretera antigua que conduce de Masagua hacia Puerto San José, #Escuintl…",FALSE,0,NA,2019-10-16 15:52:55,FALSE,NA,"1184497457209761798",NA,"<a href=""http://twitter.com/download/android"" rel=""nofollow"">Twitter for Android</a>","paredesclo_PL",5,TRUE,FALSE,NA,NA,2019-10-16 09:52:55
"141","Reportes de Viajeros en Ruta, comparten videos de lluvias intensas en distintos puntos del país. Prudencia en carre… https://t.co/4OHqt4ptgh",FALSE,0,NA,2019-10-16 15:51:06,TRUE,NA,"1184497001230196739",NA,"<a href=""http://twitter.com/download/android"" rel=""nofollow"">Twitter for Android</a>","desastresgt",0,FALSE,FALSE,NA,NA,2019-10-16 09:51:06
"142","RT @alcaldiazona16: @amilcarmontejo Personal municipal de podas, continúa realizando trabajos de remoción de obstáculos en área Monjitas #z…",FALSE,0,NA,2019-10-16 15:50:59,FALSE,NA,"1184496970871836672",NA,"<a href=""http://twitter.com/download/iphone"" rel=""nofollow"">Twitter for iPhone</a>","winniemaravilla",3,TRUE,FALSE,NA,NA,2019-10-16 09:50:59
"143","RT @prensa_libre: #Ahora | Árbol bloquea el #TráficoGT en km 91 carretera antigua que conduce de Masagua hacia Puerto San José, #Escuintla.…",FALSE,0,NA,2019-10-16 15:50:03,FALSE,NA,"1184496736833867781",NA,"<a href=""http://twitter.com/download/android"" rel=""nofollow"">Twitter for Android</a>","VioleV",4,TRUE,FALSE,NA,NA,2019-10-16 09:50:03
"144","RT @alcaldiazona16: @amilcarmontejo Personal municipal de podas, continúa realizando trabajos de remoción de obstáculos en área Monjitas #z…",FALSE,0,NA,2019-10-16 15:49:25,FALSE,NA,"1184496576485609480",NA,"<a href=""https://about.twitter.com/products/tweetdeck"" rel=""nofollow"">TweetDeck</a>","info502",3,TRUE,FALSE,NA,NA,2019-10-16 09:49:25
"145","RT @prensa_libre: #Ahora | Árbol bloquea el #TráficoGT en km 91 carretera antigua que conduce de Masagua hacia Puerto San José, #Escuintla.…",FALSE,0,NA,2019-10-16 15:49:02,FALSE,NA,"1184496480427614209",NA,"<a href=""https://mobile.twitter.com"" rel=""nofollow"">Twitter Web App</a>","Calfagua",4,TRUE,FALSE,NA,NA,2019-10-16 09:49:02
"146","RT @alcaldiazona16: Alerta Vial <U+0001F6A8>
Árbol caído en entre puente Monjitas y Bulevar San Isidro #zona16 boquea paso.

Personal de Limpia y Verd…",FALSE,0,NA,2019-10-16 15:48:58,FALSE,NA,"1184496464384446465",NA,"<a href=""https://mobile.twitter.com"" rel=""nofollow"">Twitter Web App</a>","Q0NTR0L",8,TRUE,FALSE,NA,NA,2019-10-16 09:48:58
"147","RT @amilcarmontejo: Mixco, Guatemala.

Carro con fallas mecánicas yendo de Condado Naranjo hacia el #TransitoGT del Periférico.

Inician ac…",FALSE,0,NA,2019-10-16 15:47:48,FALSE,NA,"1184496169881391107",NA,"<a href=""http://twitter.com/download/android"" rel=""nofollow"">Twitter for Android</a>","Luisa36956804",6,TRUE,FALSE,NA,NA,2019-10-16 09:47:48
"148","@amilcarmontejo Personal municipal de podas, continúa realizando trabajos de remoción de obstáculos en área Monjita… https://t.co/srIif29k98",FALSE,3,"alcaldiazona16",2019-10-16 15:46:18,TRUE,"1184449714009333760","1184495793618739200","1262167141","<a href=""https://mobile.twitter.com"" rel=""nofollow"">Twitter Web App</a>","alcaldiazona16",3,FALSE,FALSE,NA,NA,2019-10-16 09:46:18
"149","RT @Guatevision_tv: #Ahora | Árbol bloquea el #TráficoGT en km 91 carretera antigua que conduce de Masagua hacia Puerto San José, #Escuintl…",FALSE,0,NA,2019-10-16 15:46:03,FALSE,NA,"1184495729382957060",NA,"<a href=""https://about.twitter.com/products/tweetdeck"" rel=""nofollow"">TweetDeck</a>","info502",5,TRUE,FALSE,NA,NA,2019-10-16 09:46:03
"150","#Ahora | Árbol bloquea el #TráficoGT en km 91 carretera antigua que conduce de Masagua hacia Puerto San José,… https://t.co/gNClERPSyd",FALSE,7,NA,2019-10-16 15:45:26,TRUE,NA,"1184495574172786688",NA,"<a href=""https://about.twitter.com/products/tweetdeck"" rel=""nofollow"">TweetDeck</a>","Guatevision_tv",5,FALSE,FALSE,NA,NA,2019-10-16 09:45:26
