"","text","favorited","favoriteCount","replyToSN","created","truncated","replyToSID","id","replyToUID","statusSource","screenName","retweetCount","isRetweet","retweeted","longitude","latitude"
"1","@VENENO_CRUZ En la Aguilar Batres 0 cola jajajaja #TraficoGT",FALSE,0,"VENENO_CRUZ",2019-10-19 22:12:18,FALSE,"1185678255652855808","1185680098424479744","70417870","<a href=""http://twitter.com/download/android"" rel=""nofollow"">Twitter for Android</a>","WillX6",0,FALSE,FALSE,NA,NA
"2","RT @ConsejoMontejo: Esta placa la encontr√≥ Charly Hern√°ndez. Si es suya por favor comunicarse al n√∫mero de tel√©fono 4014-7891.

Gracias por‚Ä¶",FALSE,0,NA,2019-10-19 22:07:56,FALSE,NA,"1185678996161400833",NA,"<a href=""http://twitter.com/download/android"" rel=""nofollow"">Twitter for Android</a>","adanyovani70s1",59,TRUE,FALSE,NA,NA
"3","RT @ConsejoMontejo: Esta placa la encontr√≥ Charly Hern√°ndez. Si es suya por favor comunicarse al n√∫mero de tel√©fono 4014-7891.

Gracias por‚Ä¶",FALSE,0,NA,2019-10-19 22:05:07,FALSE,NA,"1185678290096398342",NA,"<a href=""http://twitter.com/download/iphone"" rel=""nofollow"">Twitter for iPhone</a>","Liloverena",59,TRUE,FALSE,NA,NA
"4","Y mientras tanto en la entrada a Escuintla desde @Siva_Autopista 
// @Provial #TransitoGT #traficogt https://t.co/Rqj8t9Xogv",FALSE,0,NA,2019-10-19 21:52:22,FALSE,NA,"1185675081902690305",NA,"<a href=""http://twitter.com/download/android"" rel=""nofollow"">Twitter for Android</a>","pancho9103",0,FALSE,FALSE,NA,NA
"5","Siempre los que se quieren pasar de listos    Empresa embotelladora reconocida hace el #traficogt",FALSE,0,NA,2019-10-19 21:41:27,FALSE,NA,"1185672333371027466",NA,"<a href=""http://twitter.com/download/iphone"" rel=""nofollow"">Twitter for iPhone</a>","gdv502",0,FALSE,FALSE,NA,NA
"6","RT @ConsejoMontejo: Esta placa la encontr√≥ Charly Hern√°ndez. Si es suya por favor comunicarse al n√∫mero de tel√©fono 4014-7891.

Gracias por‚Ä¶",FALSE,0,NA,2019-10-19 21:40:52,FALSE,NA,"1185672186905972738",NA,"<a href=""https://mobile.twitter.com"" rel=""nofollow"">Twitter Web App</a>","MayraSiliezar1",59,TRUE,FALSE,NA,NA
"7","RT @amilcarmontejo: Vapulearon a un hombre en Perif√©rico sur, antes de puente Incienso #TransitoGT zona 3.

Reportan que transe√∫ntes lo acu‚Ä¶",FALSE,0,NA,2019-10-19 21:37:57,FALSE,NA,"1185671450751094785",NA,"<a href=""http://twitter.com/#!/download/ipad"" rel=""nofollow"">Twitter for iPad</a>","rafisqui",7,TRUE,FALSE,NA,NA
"8","RT @ConsejoMontejo: Esta placa la encontr√≥ Charly Hern√°ndez. Si es suya por favor comunicarse al n√∫mero de tel√©fono 4014-7891.

Gracias por‚Ä¶",FALSE,0,NA,2019-10-19 20:55:33,FALSE,NA,"1185660780068429826",NA,"<a href=""http://twitter.com/download/iphone"" rel=""nofollow"">Twitter for iPhone</a>","charly_cece",59,TRUE,FALSE,NA,NA
"9","RT @ConsejoMontejo: Esta placa la encontr√≥ Charly Hern√°ndez. Si es suya por favor comunicarse al n√∫mero de tel√©fono 4014-7891.

Gracias por‚Ä¶",FALSE,0,NA,2019-10-19 20:52:49,FALSE,NA,"1185660094249340928",NA,"<a href=""http://twitter.com/download/android"" rel=""nofollow"">Twitter for Android</a>","JGalindo79",59,TRUE,FALSE,NA,NA
"10","RT @amilcarmontejo: Auxilian a un hombre con herida en la mano, la cual se provoc√≥ al trabajar con una m√°quina. 

Bomberos realizan traslad‚Ä¶",FALSE,0,NA,2019-10-19 20:37:06,FALSE,NA,"1185656136525107203",NA,"<a href=""http://twitter.com/download/android"" rel=""nofollow"">Twitter for Android</a>","alehq80",2,TRUE,FALSE,NA,NA
"11","Auxilian a un hombre con herida en la mano, cuando trabajaba con una m√°quina.

Bomberos realizan traslado desde Pla‚Ä¶ https://t.co/iHBIpbsIrt",FALSE,0,NA,2019-10-19 20:24:35,TRUE,NA,"1185652987085107201",NA,"<a href=""http://twitter.com/download/android"" rel=""nofollow"">Twitter for Android</a>","cadenainfogt",0,FALSE,FALSE,NA,NA
"12","Auxilian a un hombre con herida en la mano, la cual se provoc√≥ al trabajar con una m√°quina. 

Bomberos realizan tra‚Ä¶ https://t.co/UiepDQ8JRU",FALSE,10,NA,2019-10-19 20:22:12,TRUE,NA,"1185652390667653120",NA,"<a href=""http://twitter.com/download/android"" rel=""nofollow"">Twitter for Android</a>","amilcarmontejo",2,FALSE,FALSE,NA,NA
"13","RT @JoseDreyfus: Choque no hay heridos anillo periferico y San Juan #traficogt @amilcarmontejo @CiudadPmt https://t.co/DBaDeALost",FALSE,0,NA,2019-10-19 20:15:36,FALSE,NA,"1185650729438138370",NA,"<a href=""http://twitter.com/download/android"" rel=""nofollow"">Twitter for Android</a>","alehq80",5,TRUE,FALSE,NA,NA
"14","RT @JoseDreyfus: Choque no hay heridos anillo periferico y San Juan #traficogt @amilcarmontejo @CiudadPmt https://t.co/DBaDeALost",FALSE,0,NA,2019-10-19 19:58:28,FALSE,NA,"1185646414187192321",NA,"<a href=""http://twitter.com/download/android"" rel=""nofollow"">Twitter for Android</a>","VictorP11869364",5,TRUE,FALSE,NA,NA
"15","RT @JoseDreyfus: Choque no hay heridos anillo periferico y San Juan #traficogt @amilcarmontejo @CiudadPmt https://t.co/DBaDeALost",FALSE,0,NA,2019-10-19 19:56:04,FALSE,NA,"1185645813168521221",NA,"<a href=""http://twitter.com/download/android"" rel=""nofollow"">Twitter for Android</a>","amilcarmontejo",5,TRUE,FALSE,NA,NA
"16","RT @Guatevision_tv: #FrenenemosLosAccidentes | Una persona result√≥ herida en un accidente de #Tr√°ficoGT en el km 55 de la ruta al Atl√°ntico‚Ä¶",FALSE,0,NA,2019-10-19 19:38:36,FALSE,NA,"1185641415872782336",NA,"<a href=""http://twitter.com/download/android"" rel=""nofollow"">Twitter for Android</a>","Ricardo_2517",0,TRUE,FALSE,NA,NA
"17","Choque no hay heridos anillo periferico y San Juan #traficogt @amilcarmontejo @CiudadPmt https://t.co/DBaDeALost",FALSE,10,NA,2019-10-19 19:35:03,FALSE,NA,"1185640524813946880",NA,"<a href=""http://twitter.com/download/android"" rel=""nofollow"">Twitter for Android</a>","JoseDreyfus",5,FALSE,FALSE,NA,NA
"18","RT @prensa_libre: #Tr√°ficoGT | Reportan tr√°nsito lento para ingresar a Chimaltenango por la ruta Interamericana. https://t.co/hPzTuEASo7",FALSE,0,NA,2019-10-19 19:34:45,FALSE,NA,"1185640446028140545",NA,"<a href=""http://twitter.com/download/android"" rel=""nofollow"">Twitter for Android</a>","DIGITALNEWS2O16",6,TRUE,FALSE,NA,NA
"19","RT @prensa_libre: #Tr√°ficoGT | Reportan tr√°nsito lento para ingresar a Chimaltenango por la ruta Interamericana. https://t.co/hPzTuEASo7",FALSE,0,NA,2019-10-19 19:27:37,FALSE,NA,"1185638652929556486",NA,"<a href=""http://twitter.com/download/android"" rel=""nofollow"">Twitter for Android</a>","LuisFer62165592",6,TRUE,FALSE,NA,NA
"20","RT @SuperChapinGT: Jajajajaja. üòÜüòÜüòÜüòÜüòÜ. @McDonalds !!!!   #TraficoGT #AhoraSuena #MeGustanMayores https://t.co/EyWNmATh7t",FALSE,0,NA,2019-10-19 19:27:27,FALSE,NA,"1185638612467093504",NA,"<a href=""http://twitter.com/download/android"" rel=""nofollow"">Twitter for Android</a>","Jerson37484012",7,TRUE,FALSE,NA,NA
"21","Lluvias intensas desde las 12:20 PM, afectan varias zonas de la ciudad capital. Prudencia en regiones Pac√≠fico y Or‚Ä¶ https://t.co/IQCr06n9Ci",FALSE,1,NA,2019-10-19 19:14:04,TRUE,NA,"1185635243895771136",NA,"<a href=""http://twitter.com/download/android"" rel=""nofollow"">Twitter for Android</a>","desastresgt",0,FALSE,FALSE,NA,NA
"22","#traficoGT #transitoGT fuerte accidente en el Km. 39 carretera Interamericana, carril hacia la ciudad de Guatemala.‚Ä¶ https://t.co/11NXqvqr4E",FALSE,0,NA,2019-10-19 18:56:17,TRUE,NA,"1185630765951913984",NA,"<a href=""http://twitter.com/download/android"" rel=""nofollow"">Twitter for Android</a>","InvestigacinTr1",0,FALSE,FALSE,NA,NA
"23","Con este #traficogt comienzo a comprender a los de villa nueva üòÇüòÖ https://t.co/CdKShv683e",FALSE,0,NA,2019-10-19 18:50:56,FALSE,NA,"1185629421358723073",NA,"<a href=""http://twitter.com/download/iphone"" rel=""nofollow"">Twitter for iPhone</a>","memevelasqez",0,FALSE,FALSE,NA,NA
"24","RT @prensa_libre: #Tr√°ficoGT | Reportan tr√°nsito lento para ingresar a Chimaltenango por la ruta Interamericana. https://t.co/hPzTuEASo7",FALSE,0,NA,2019-10-19 18:45:26,FALSE,NA,"1185628037544599552",NA,"<a href=""http://twitter.com/download/iphone"" rel=""nofollow"">Twitter for iPhone</a>","marisaguatemala",6,TRUE,FALSE,NA,NA
"25","RT @ConsejoMontejo: Esta placa la encontr√≥ Charly Hern√°ndez. Si es suya por favor comunicarse al n√∫mero de tel√©fono 4014-7891.

Gracias por‚Ä¶",FALSE,0,NA,2019-10-19 18:13:25,FALSE,NA,"1185619980450177025",NA,"<a href=""http://twitter.com/download/android"" rel=""nofollow"">Twitter for Android</a>","Ricardo_2517",59,TRUE,FALSE,NA,NA
"26","#TraficoGT  trabajador fallecido en la gasolinera de Montufar zona 9 QEPD @amilcarmontejo https://t.co/AVSFSZUxNh",FALSE,0,NA,2019-10-19 18:12:35,FALSE,NA,"1185619771674550273",NA,"<a href=""http://twitter.com/download/iphone"" rel=""nofollow"">Twitter for iPhone</a>","GoldindeBonilla",0,FALSE,FALSE,NA,NA
"27","RT @ConsejoMontejo: Esta placa la encontr√≥ Charly Hern√°ndez. Si es suya por favor comunicarse al n√∫mero de tel√©fono 4014-7891.

Gracias por‚Ä¶",FALSE,0,NA,2019-10-19 18:12:09,FALSE,NA,"1185619661146206210",NA,"<a href=""http://twitter.com/download/android"" rel=""nofollow"">Twitter for Android</a>","JacoboHGarcia1",59,TRUE,FALSE,NA,NA
"28","RT @amilcarmontejo: Autob√∫s extraurbano con fallas mec√°nicas en 7 avenida 2-50 #TransitoGT zona 9.

Adelmo Cardona informa que coordinaron‚Ä¶",FALSE,0,NA,2019-10-19 18:07:39,FALSE,NA,"1185618527723687936",NA,"<a href=""http://twitter.com/download/android"" rel=""nofollow"">Twitter for Android</a>","AntonyEff",3,TRUE,FALSE,NA,NA
"29","Autob√∫s extraurbano con fallas mec√°nicas en 7 avenida 2-50 #TransitoGT zona 9.

Adelmo Cardona informa que coordina‚Ä¶ https://t.co/cqT0EHaPXD",FALSE,7,NA,2019-10-19 18:02:28,TRUE,NA,"1185617225438453760",NA,"<a href=""http://twitter.com/download/android"" rel=""nofollow"">Twitter for Android</a>","amilcarmontejo",3,FALSE,FALSE,NA,NA
"30","RT @amilcarmontejo: Ataque armado. 

Reportan un hombre fallecido dentro del √°rea privada de Calle Mont√∫far 0 avenida #TransitoGT zona 9.‚Ä¶",FALSE,0,NA,2019-10-19 17:49:43,FALSE,NA,"1185614016615464960",NA,"<a href=""http://twitter.com/download/android"" rel=""nofollow"">Twitter for Android</a>","alehq80",12,TRUE,FALSE,NA,NA
"31","RT @prensa_libre: #Tr√°ficoGT | Reportan tr√°nsito lento para ingresar a Chimaltenango por la ruta Interamericana. https://t.co/hPzTuEASo7",FALSE,0,NA,2019-10-19 17:47:57,FALSE,NA,"1185613570265866240",NA,"<a href=""http://twitter.com/download/android"" rel=""nofollow"">Twitter for Android</a>","Mar1oxz5",6,TRUE,FALSE,NA,NA
"32","RT @prensa_libre: #Tr√°ficoGT | Reportan tr√°nsito lento para ingresar a Chimaltenango por la ruta Interamericana. https://t.co/hPzTuEASo7",FALSE,0,NA,2019-10-19 17:42:43,FALSE,NA,"1185612252658962433",NA,"<a href=""http://twitter.com/download/android"" rel=""nofollow"">Twitter for Android</a>","Franrock182",6,TRUE,FALSE,NA,NA
"33","RT @amilcarmontejo: Ataque armado. 

Reportan un hombre fallecido dentro del √°rea privada de Calle Mont√∫far 0 avenida #TransitoGT zona 9.‚Ä¶",FALSE,0,NA,2019-10-19 17:41:29,FALSE,NA,"1185611943224238080",NA,"<a href=""https://mobile.twitter.com"" rel=""nofollow"">Twitter Web App</a>","selvingiron3",12,TRUE,FALSE,NA,NA
"34","RT @amilcarmontejo: Ataque armado. 

Reportan un hombre fallecido dentro del √°rea privada de Calle Mont√∫far 0 avenida #TransitoGT zona 9.‚Ä¶",FALSE,0,NA,2019-10-19 17:40:48,FALSE,NA,"1185611773170405376",NA,"<a href=""http://twitter.com/download/android"" rel=""nofollow"">Twitter for Android</a>","victor_dlrs",12,TRUE,FALSE,NA,NA
"35","RT @amilcarmontejo: Ataque armado. 

Reportan un hombre fallecido dentro del √°rea privada de Calle Mont√∫far 0 avenida #TransitoGT zona 9.‚Ä¶",FALSE,0,NA,2019-10-19 17:32:03,FALSE,NA,"1185609570196033539",NA,"<a href=""http://twitter.com/download/android"" rel=""nofollow"">Twitter for Android</a>","less_rodri",12,TRUE,FALSE,NA,NA
"36","RT @amilcarmontejo: Ataque armado. 

Reportan un hombre fallecido dentro del √°rea privada de Calle Mont√∫far 0 avenida #TransitoGT zona 9.‚Ä¶",FALSE,0,NA,2019-10-19 17:24:34,FALSE,NA,"1185607685548531713",NA,"<a href=""http://twitter.com/download/android"" rel=""nofollow"">Twitter for Android</a>","Ana78419017",12,TRUE,FALSE,NA,NA
"37","RT @ConsejoMontejo: Esta placa la encontr√≥ Charly Hern√°ndez. Si es suya por favor comunicarse al n√∫mero de tel√©fono 4014-7891.

Gracias por‚Ä¶",FALSE,0,NA,2019-10-19 17:24:10,FALSE,NA,"1185607586583908352",NA,"<a href=""http://twitter.com/download/android"" rel=""nofollow"">Twitter for Android</a>","aurimarideleon1",59,TRUE,FALSE,NA,NA
"38","RT @amilcarmontejo: Ataque armado. 

Reportan un hombre fallecido dentro del √°rea privada de Calle Mont√∫far 0 avenida #TransitoGT zona 9.‚Ä¶",FALSE,0,NA,2019-10-19 17:22:49,FALSE,NA,"1185607247449210882",NA,"<a href=""http://twitter.com/download/android"" rel=""nofollow"">Twitter for Android</a>","eacuezzi",12,TRUE,FALSE,NA,NA
"39","RT @amilcarmontejo: Ataque armado. 

Reportan un hombre fallecido dentro del √°rea privada de Calle Mont√∫far 0 avenida #TransitoGT zona 9.‚Ä¶",FALSE,0,NA,2019-10-19 17:21:29,FALSE,NA,"1185606909723844608",NA,"<a href=""http://twitter.com/download/android"" rel=""nofollow"">Twitter for Android</a>","100prebonita",12,TRUE,FALSE,NA,NA
"40","RT @amilcarmontejo: Ataque armado. 

Reportan un hombre fallecido dentro del √°rea privada de Calle Mont√∫far 0 avenida #TransitoGT zona 9.‚Ä¶",FALSE,0,NA,2019-10-19 17:21:19,FALSE,NA,"1185606866082107392",NA,"<a href=""http://twitter.com/download/android"" rel=""nofollow"">Twitter for Android</a>","Nelys66",12,TRUE,FALSE,NA,NA
"41","RT @amilcarmontejo: Ataque armado. 

Reportan un hombre fallecido dentro del √°rea privada de Calle Mont√∫far 0 avenida #TransitoGT zona 9.‚Ä¶",FALSE,0,NA,2019-10-19 17:20:50,FALSE,NA,"1185606746083119104",NA,"<a href=""http://twitter.com/download/iphone"" rel=""nofollow"">Twitter for iPhone</a>","ANDREE_CFG",12,TRUE,FALSE,NA,NA
"42","Ataque armado. 

Reportan un hombre fallecido dentro del √°rea privada de Calle Mont√∫far 0 avenida #TransitoGT zona‚Ä¶ https://t.co/qJxbo5hjMF",FALSE,15,NA,2019-10-19 17:19:45,TRUE,NA,"1185606474657079297",NA,"<a href=""http://twitter.com/download/android"" rel=""nofollow"">Twitter for Android</a>","amilcarmontejo",12,FALSE,FALSE,NA,NA
"43","RT @ConsejoMontejo: Esta placa la encontr√≥ Charly Hern√°ndez. Si es suya por favor comunicarse al n√∫mero de tel√©fono 4014-7891.

Gracias por‚Ä¶",FALSE,0,NA,2019-10-19 17:14:07,FALSE,NA,"1185605055828975618",NA,"<a href=""http://twitter.com/download/android"" rel=""nofollow"">Twitter for Android</a>","delmarjimo1",59,TRUE,FALSE,NA,NA
"44","RT @VosDaviid: Mi Guate y sus conductores imprudentes.
Zona 6, Boulevard La Pedrera.
#traficogt #TransitoGT

Cc @amilcarmontejo @traficogt‚Ä¶",FALSE,0,NA,2019-10-19 17:05:14,FALSE,NA,"1185602821254778880",NA,"<a href=""http://twitter.com/download/android"" rel=""nofollow"">Twitter for Android</a>","ari25sof",29,TRUE,FALSE,NA,NA
"45","RT @desastresgt: Correcci√≥n Km. 60 carretera Autopista Pal√≠n, Escuintla. Accidente vial y da√±o estructural a Carro Tanque con 2K galones as‚Ä¶",FALSE,0,NA,2019-10-19 16:53:43,FALSE,NA,"1185599921862381574",NA,"<a href=""http://twitter.com/download/iphone"" rel=""nofollow"">Twitter for iPhone</a>","fermuralles9",2,TRUE,FALSE,NA,NA
"46","#Tr√°ficoGT | Reportan tr√°nsito lento en ingreso a Chimaltenango por la ruta Interamericana. https://t.co/f2fIKLN2LY",FALSE,9,NA,2019-10-19 16:46:26,FALSE,NA,"1185598088364335104",NA,"<a href=""https://about.twitter.com/products/tweetdeck"" rel=""nofollow"">TweetDeck</a>","Guatevision_tv",1,FALSE,FALSE,NA,NA
"47","#Tr√°ficoGT | Reportan tr√°nsito lento para ingresar a Chimaltenango por la ruta Interamericana. https://t.co/hPzTuEASo7",FALSE,15,NA,2019-10-19 16:37:29,FALSE,NA,"1185595839072391169",NA,"<a href=""https://about.twitter.com/products/tweetdeck"" rel=""nofollow"">TweetDeck</a>","prensa_libre",6,FALSE,FALSE,NA,NA
"48","Este es el desmadre de #TraficoGT en la Marti. https://t.co/b0CVhIkqBC",FALSE,0,NA,2019-10-19 16:35:43,FALSE,NA,"1185595390944526336",NA,"<a href=""http://twitter.com/download/android"" rel=""nofollow"">Twitter for Android</a>","Lictobar",0,FALSE,FALSE,NA,NA
"49","#Traficogt fuerte en Carretrra al Atl√°ntico, hacia Puente Belice.
@amilcarmontejo https://t.co/IyZrjU0LlT",FALSE,5,NA,2019-10-19 16:19:32,FALSE,NA,"1185591319630110725",NA,"<a href=""http://twitter.com/download/android"" rel=""nofollow"">Twitter for Android</a>","Lictobar",0,FALSE,FALSE,NA,NA
"50","RT @ConsejoMontejo: Esta placa la encontr√≥ Charly Hern√°ndez. Si es suya por favor comunicarse al n√∫mero de tel√©fono 4014-7891.

Gracias por‚Ä¶",FALSE,0,NA,2019-10-19 16:02:46,FALSE,NA,"1185587099048841216",NA,"<a href=""http://twitter.com/download/android"" rel=""nofollow"">Twitter for Android</a>","ivirozel",59,TRUE,FALSE,NA,NA
"51","RT @ConsejoMontejo: Esta placa la encontr√≥ Charly Hern√°ndez. Si es suya por favor comunicarse al n√∫mero de tel√©fono 4014-7891.

Gracias por‚Ä¶",FALSE,0,NA,2019-10-19 15:49:09,FALSE,NA,"1185583672763830272",NA,"<a href=""http://twitter.com/download/android"" rel=""nofollow"">Twitter for Android</a>","BarnieHector",59,TRUE,FALSE,NA,NA
"52","Si piensa pasear tome en cuenta  que pasar chimaltenango en ambos sentidos son 4 horas de ida y 4 mas de vuelta dur‚Ä¶ https://t.co/XQgkAApxif",FALSE,1,NA,2019-10-19 15:40:50,TRUE,NA,"1185581579093106689",NA,"<a href=""http://twitter.com/download/android"" rel=""nofollow"">Twitter for Android</a>","eljonastal",0,FALSE,FALSE,NA,NA
"53","RT @gerfranreyes: En el reversible de la Aguilar Batres un motorista choc√≥ a otro, y as√≠ los dos üëáüèºüòÅ

#TraficoGT #TransitoGT https://t.co/p‚Ä¶",FALSE,0,NA,2019-10-19 15:31:54,FALSE,NA,"1185579333039087616",NA,"<a href=""https://mobile.twitter.com"" rel=""nofollow"">Twitter Web App</a>","AllegPaul",2,TRUE,FALSE,NA,NA
"54","Precauci√≥n, accidente de tr√°nsito en km 55.5 CA9 #TraficoGT https://t.co/wQr9iD6U5s",FALSE,0,NA,2019-10-19 15:09:51,FALSE,NA,"1185573785237413888",NA,"<a href=""http://twitter.com/download/iphone"" rel=""nofollow"">Twitter for iPhone</a>","Yadira_Montes",0,FALSE,FALSE,NA,NA
"55","RT @padreilustrado: Creo que es tiempo de cambiar la m√∫sica del carro...
#traficogt #transitogt https://t.co/fI6Kk5bpA1",FALSE,0,NA,2019-10-19 14:58:58,FALSE,NA,"1185571044603637761",NA,"<a href=""http://twitter.com/download/android"" rel=""nofollow"">Twitter for Android</a>","Joshalmengor2",1,TRUE,FALSE,NA,NA
"56","RT @ConsejoMontejo: Esta placa la encontr√≥ Charly Hern√°ndez. Si es suya por favor comunicarse al n√∫mero de tel√©fono 4014-7891.

Gracias por‚Ä¶",FALSE,0,NA,2019-10-19 14:53:19,FALSE,NA,"1185569621715439616",NA,"<a href=""http://twitter.com/download/android"" rel=""nofollow"">Twitter for Android</a>","Francis44452412",59,TRUE,FALSE,NA,NA
"57","RT @ConsejoMontejo: Esta placa la encontr√≥ Charly Hern√°ndez. Si es suya por favor comunicarse al n√∫mero de tel√©fono 4014-7891.

Gracias por‚Ä¶",FALSE,0,NA,2019-10-19 14:52:26,FALSE,NA,"1185569398314225664",NA,"<a href=""https://mobile.twitter.com"" rel=""nofollow"">Twitter Web App</a>","Movil51618453",59,TRUE,FALSE,NA,NA
"58","RT @ConsejoMontejo: Esta placa la encontr√≥ Charly Hern√°ndez. Si es suya por favor comunicarse al n√∫mero de tel√©fono 4014-7891.

Gracias por‚Ä¶",FALSE,0,NA,2019-10-19 14:38:48,FALSE,NA,"1185565968036220928",NA,"<a href=""http://twitter.com/download/android"" rel=""nofollow"">Twitter for Android</a>","shennymejia",59,TRUE,FALSE,NA,NA
"59","RT @prensa_libre: #FrenemosLosAccidentes | @Provial reporta una persona muerta en un accidente de #Tr√°ficoGT en el km 135 de la ruta Intera‚Ä¶",FALSE,0,NA,2019-10-19 14:06:56,FALSE,NA,"1185557951194583041",NA,"<a href=""https://mobile.twitter.com"" rel=""nofollow"">Twitter Web App</a>","Memito9075",2,TRUE,FALSE,NA,NA
"60","RT @Guatevision_tv: #Tr√°ficoGT | Un accidente en el km 135 de la ruta Interamericana deja un muerto. #FrenemosLosAccidentes
V√≠a: @Provial h‚Ä¶",FALSE,0,NA,2019-10-19 14:06:47,FALSE,NA,"1185557913349304320",NA,"<a href=""https://mobile.twitter.com"" rel=""nofollow"">Twitter Web App</a>","Memito9075",1,TRUE,FALSE,NA,NA
"61","Los del carril izquierdo sin educacion vial, por eso es que el trafico se vuelve peor. En Guatemala no se sabe resp‚Ä¶ https://t.co/kg2F7p6ZgM",FALSE,1,NA,2019-10-19 14:06:23,TRUE,NA,"1185557812203659266",NA,"<a href=""http://twitter.com/download/android"" rel=""nofollow"">Twitter for Android</a>","EmanuelFer",0,FALSE,FALSE,NA,NA
"62","RT @ConsejoMontejo: Esta placa la encontr√≥ Charly Hern√°ndez. Si es suya por favor comunicarse al n√∫mero de tel√©fono 4014-7891.

Gracias por‚Ä¶",FALSE,0,NA,2019-10-19 14:01:47,FALSE,NA,"1185556652176609280",NA,"<a href=""http://twitter.com/download/android"" rel=""nofollow"">Twitter for Android</a>","pablonet1984",59,TRUE,FALSE,NA,NA
"63","RT @ConsejoMontejo: Esta placa la encontr√≥ Charly Hern√°ndez. Si es suya por favor comunicarse al n√∫mero de tel√©fono 4014-7891.

Gracias por‚Ä¶",FALSE,0,NA,2019-10-19 13:49:13,FALSE,NA,"1185553492573855744",NA,"<a href=""http://twitter.com/download/android"" rel=""nofollow"">Twitter for Android</a>","mjuarez628",59,TRUE,FALSE,NA,NA
"64","#Tr√°ficoGT | Un accidente en el km 135 de la ruta Interamericana deja un muerto. #FrenemosLosAccidentes
V√≠a:‚Ä¶ https://t.co/tnsGh6iuIp",FALSE,3,NA,2019-10-19 13:37:46,TRUE,NA,"1185550608906047488",NA,"<a href=""https://about.twitter.com/products/tweetdeck"" rel=""nofollow"">TweetDeck</a>","Guatevision_tv",1,FALSE,FALSE,NA,NA
"65","RT @prensa_libre: #FrenemosLosAccidentes | @Provial reporta una persona muerta en un accidente de #Tr√°ficoGT en el km 135 de la ruta Intera‚Ä¶",FALSE,0,NA,2019-10-19 13:37:03,FALSE,NA,"1185550429872181248",NA,"<a href=""https://noticiasguatemala2.com"" rel=""nofollow"">Pota APP</a>","NoticiasGT_",2,TRUE,FALSE,NA,NA
"66","#FrenemosLosAccidentes | @Provial reporta una persona muerta en un accidente de #Tr√°ficoGT en el km 135 de la ruta‚Ä¶ https://t.co/VB1QtcbyuM",FALSE,3,NA,2019-10-19 13:36:48,TRUE,NA,"1185550368027107329",NA,"<a href=""https://about.twitter.com/products/tweetdeck"" rel=""nofollow"">TweetDeck</a>","prensa_libre",2,FALSE,FALSE,NA,NA
"67","#FrenenemosLosAccidentes | Una persona result√≥ herida en un accidente de #Tr√°ficoGT en el km 55 de la ruta al Atl√°n‚Ä¶ https://t.co/bwoaMWZHOP",FALSE,7,NA,2019-10-19 13:35:21,TRUE,NA,"1185550000996139008",NA,"<a href=""https://about.twitter.com/products/tweetdeck"" rel=""nofollow"">TweetDeck</a>","Guatevision_tv",0,FALSE,FALSE,NA,NA
"68","RT @ConsejoMontejo: Esta placa la encontr√≥ Charly Hern√°ndez. Si es suya por favor comunicarse al n√∫mero de tel√©fono 4014-7891.

Gracias por‚Ä¶",FALSE,0,NA,2019-10-19 13:33:37,FALSE,NA,"1185549564973113344",NA,"<a href=""http://twitter.com/download/android"" rel=""nofollow"">Twitter for Android</a>","s_movi",59,TRUE,FALSE,NA,NA
"69","RT @ConsejoMontejo: Esta placa la encontr√≥ Charly Hern√°ndez. Si es suya por favor comunicarse al n√∫mero de tel√©fono 4014-7891.

Gracias por‚Ä¶",FALSE,0,NA,2019-10-19 13:21:51,FALSE,NA,"1185546603291185158",NA,"<a href=""http://twitter.com/download/android"" rel=""nofollow"">Twitter for Android</a>","RubenAldanaGT",59,TRUE,FALSE,NA,NA
"70","RT @prensa_libre: #Tr√°ficoGT | @PMT_VILLANUEVA informa que no se habilitar√°n carriles reversibles el lunes 21 de octubre por el asueto naci‚Ä¶",FALSE,0,NA,2019-10-19 13:17:21,FALSE,NA,"1185545471453990913",NA,"<a href=""http://twitter.com/download/android"" rel=""nofollow"">Twitter for Android</a>","adanyovani70s1",7,TRUE,FALSE,NA,NA
"71","RT @prensa_libre: #Tr√°ficoGT | @PMT_VILLANUEVA informa que no se habilitar√°n carriles reversibles el lunes 21 de octubre por el asueto naci‚Ä¶",FALSE,0,NA,2019-10-19 12:23:09,FALSE,NA,"1185531832886091782",NA,"<a href=""http://twitter.com/download/android"" rel=""nofollow"">Twitter for Android</a>","WilfredoRodas4",7,TRUE,FALSE,NA,NA
"72","RT @ConsejoMontejo: Esta placa la encontr√≥ Charly Hern√°ndez. Si es suya por favor comunicarse al n√∫mero de tel√©fono 4014-7891.

Gracias por‚Ä¶",FALSE,0,NA,2019-10-19 12:17:13,FALSE,NA,"1185530338858156032",NA,"<a href=""http://twitter.com/download/android"" rel=""nofollow"">Twitter for Android</a>","sagastumeve",59,TRUE,FALSE,NA,NA
"73","Demos gracias a Dios por un d√≠a mas. En unos momentos iniciamos con la informaci√≥n mas sobresaliente del #traficogt nacional.",FALSE,3,NA,2019-10-19 12:01:06,FALSE,NA,"1185526282160934918",NA,"<a href=""https://ifttt.com"" rel=""nofollow"">IFTTT</a>","Notirumbosgt",0,FALSE,FALSE,NA,NA
"74","RT @ConsejoMontejo: Esta placa la encontr√≥ Charly Hern√°ndez. Si es suya por favor comunicarse al n√∫mero de tel√©fono 4014-7891.

Gracias por‚Ä¶",FALSE,0,NA,2019-10-19 11:31:19,FALSE,NA,"1185518787350745088",NA,"<a href=""http://twitter.com/download/android"" rel=""nofollow"">Twitter for Android</a>","eacuezzi",59,TRUE,FALSE,NA,NA
"75","RT @ConsejoMontejo: Esta placa la encontr√≥ Charly Hern√°ndez. Si es suya por favor comunicarse al n√∫mero de tel√©fono 4014-7891.

Gracias por‚Ä¶",FALSE,0,NA,2019-10-19 10:36:01,FALSE,NA,"1185504872684249088",NA,"<a href=""http://twitter.com/download/android"" rel=""nofollow"">Twitter for Android</a>","Luisa36956804",59,TRUE,FALSE,NA,NA
"76","RT @amilcarmontejo: Ataque armado.

9 avenida 15 calle colonia La Verbena #TransitoGT zona 7. Un hombre fallecio sobre banqueta. Ministerio‚Ä¶",FALSE,0,NA,2019-10-19 10:35:16,FALSE,NA,"1185504682510303232",NA,"<a href=""http://twitter.com/download/android"" rel=""nofollow"">Twitter for Android</a>","Luisa36956804",7,TRUE,FALSE,NA,NA
"77","RT @leonel10gc: #TraficoGt a la altura de peri Roosevelt por el lado de la calzada San Juan hay personas tirando grasa y holl√≠n a los vidri‚Ä¶",FALSE,0,NA,2019-10-19 07:53:55,FALSE,NA,"1185464078078283776",NA,"<a href=""http://twitter.com/download/android"" rel=""nofollow"">Twitter for Android</a>","V1rtuz",1,TRUE,FALSE,NA,NA
"78","RT @ConsejoMontejo: Esta placa la encontr√≥ Charly Hern√°ndez. Si es suya por favor comunicarse al n√∫mero de tel√©fono 4014-7891.

Gracias por‚Ä¶",FALSE,0,NA,2019-10-19 07:43:46,FALSE,NA,"1185461522723758080",NA,"<a href=""http://twitter.com/download/android"" rel=""nofollow"">Twitter for Android</a>","MarioSa02417616",59,TRUE,FALSE,NA,NA
"79","RT @VosDaviid: Mi Guate y sus conductores imprudentes.
Zona 6, Boulevard La Pedrera.
#traficogt #TransitoGT

Cc @amilcarmontejo @traficogt‚Ä¶",FALSE,0,NA,2019-10-19 06:10:43,FALSE,NA,"1185438104183803904",NA,"<a href=""http://twitter.com/download/android"" rel=""nofollow"">Twitter for Android</a>","AngelMu68532772",29,TRUE,FALSE,NA,NA
"80","RT @ConsejoMontejo: ""Porfa difundir. Se lo robaron a un amigo el fin de semana. Si lo ven avisar a PNC y al n√∫mero q aparece en la imagen""‚Ä¶",FALSE,0,NA,2019-10-19 05:57:57,FALSE,NA,"1185434892378742787",NA,"<a href=""http://twitter.com/download/android"" rel=""nofollow"">Twitter for Android</a>","Plumasverdesver",87,TRUE,FALSE,NA,NA
"81","RT @ConsejoMontejo: Se robaron autom√≥vil negro, hyundai accent, placa P-778HGZ en zona 11.

Si lo mira, si est√° en alg√∫n parqueo, predio o‚Ä¶",FALSE,0,NA,2019-10-19 05:57:14,FALSE,NA,"1185434710907981824",NA,"<a href=""http://twitter.com/download/android"" rel=""nofollow"">Twitter for Android</a>","Plumasverdesver",126,TRUE,FALSE,NA,NA
"82","Mt.6:34: As√≠ que, no os afan√©is por el d√≠a de ma√±ana, porque cada d√≠a traer√° su af√°n Hasta ma√±ana con mas informaci‚Ä¶ https://t.co/fQpMKRHGPM",FALSE,2,NA,2019-10-19 05:45:03,TRUE,NA,"1185431644829827072",NA,"<a href=""https://ifttt.com"" rel=""nofollow"">IFTTT</a>","Notirumbosgt",0,FALSE,FALSE,NA,NA
"83","RT @ConsejoMontejo: Esta placa la encontr√≥ Charly Hern√°ndez. Si es suya por favor comunicarse al n√∫mero de tel√©fono 4014-7891.

Gracias por‚Ä¶",FALSE,0,NA,2019-10-19 05:27:52,FALSE,NA,"1185427322272468992",NA,"<a href=""http://twitter.com/download/android"" rel=""nofollow"">Twitter for Android</a>","herreraleopold1",59,TRUE,FALSE,NA,NA
"84","RT @ConsejoMontejo: Esta placa la encontr√≥ Charly Hern√°ndez. Si es suya por favor comunicarse al n√∫mero de tel√©fono 4014-7891.

Gracias por‚Ä¶",FALSE,0,NA,2019-10-19 05:21:08,FALSE,NA,"1185425626343325697",NA,"<a href=""https://mobile.twitter.com"" rel=""nofollow"">Twitter Web App</a>","Juan_Chu1000",59,TRUE,FALSE,NA,NA
"85","RT @ConsejoMontejo: Esta placa la encontr√≥ Charly Hern√°ndez. Si es suya por favor comunicarse al n√∫mero de tel√©fono 4014-7891.

Gracias por‚Ä¶",FALSE,0,NA,2019-10-19 05:14:32,FALSE,NA,"1185423966640447488",NA,"<a href=""http://twitter.com/download/android"" rel=""nofollow"">Twitter for Android</a>","chiscoming",59,TRUE,FALSE,NA,NA
"86","RT @ConsejoMontejo: Esta placa la encontr√≥ Charly Hern√°ndez. Si es suya por favor comunicarse al n√∫mero de tel√©fono 4014-7891.

Gracias por‚Ä¶",FALSE,0,NA,2019-10-19 05:12:20,FALSE,NA,"1185423413906681857",NA,"<a href=""http://twitter.com/download/android"" rel=""nofollow"">Twitter for Android</a>","Jamenez18",59,TRUE,FALSE,NA,NA
"87","Por seguridad de todos a este no hay que dejarlo manejar. Anda hablando babosadas. Hasta Aguilera se siente con pen‚Ä¶ https://t.co/j4OEj1sAv2",FALSE,0,NA,2019-10-19 05:09:18,TRUE,NA,"1185422649943613440",NA,"<a href=""http://twitter.com/download/iphone"" rel=""nofollow"">Twitter for iPhone</a>","eltraficogt",0,FALSE,FALSE,NA,NA
"88","RT @ConsejoMontejo: Esta placa la encontr√≥ Charly Hern√°ndez. Si es suya por favor comunicarse al n√∫mero de tel√©fono 4014-7891.

Gracias por‚Ä¶",FALSE,0,NA,2019-10-19 05:07:59,FALSE,NA,"1185422320409743360",NA,"<a href=""http://twitter.com/download/android"" rel=""nofollow"">Twitter for Android</a>","dmquiroa",59,TRUE,FALSE,NA,NA
"89","RT @ConsejoMontejo: Esta placa la encontr√≥ Charly Hern√°ndez. Si es suya por favor comunicarse al n√∫mero de tel√©fono 4014-7891.

Gracias por‚Ä¶",FALSE,0,NA,2019-10-19 05:05:43,FALSE,NA,"1185421748914851840",NA,"<a href=""http://twitter.com/download/android"" rel=""nofollow"">Twitter for Android</a>","shisharron",59,TRUE,FALSE,NA,NA
"90","Cuando comiences a ver lo que vales, dejar√°s de ver personas que no lo hacen. #TraficoGT",FALSE,0,NA,2019-10-19 04:45:29,FALSE,NA,"1185416657071685632",NA,"<a href=""http://twitter.com/download/iphone"" rel=""nofollow"">Twitter for iPhone</a>","sebasbrenner",0,FALSE,FALSE,NA,NA
"91","RT @ConsejoMontejo: Esta placa la encontr√≥ Charly Hern√°ndez. Si es suya por favor comunicarse al n√∫mero de tel√©fono 4014-7891.

Gracias por‚Ä¶",FALSE,0,NA,2019-10-19 04:37:27,FALSE,NA,"1185414634569916416",NA,"<a href=""https://mobile.twitter.com"" rel=""nofollow"">Twitter Web App</a>","ElvisDanyLopez",59,TRUE,FALSE,NA,NA
"92","RT @ConsejoMontejo: Esta placa la encontr√≥ Charly Hern√°ndez. Si es suya por favor comunicarse al n√∫mero de tel√©fono 4014-7891.

Gracias por‚Ä¶",FALSE,0,NA,2019-10-19 04:37:15,FALSE,NA,"1185414585999855616",NA,"<a href=""http://twitter.com/download/android"" rel=""nofollow"">Twitter for Android</a>","marvinoliva15",59,TRUE,FALSE,NA,NA
"93","RT @ConsejoMontejo: Esta placa la encontr√≥ Charly Hern√°ndez. Si es suya por favor comunicarse al n√∫mero de tel√©fono 4014-7891.

Gracias por‚Ä¶",FALSE,0,NA,2019-10-19 04:37:08,FALSE,NA,"1185414556157394944",NA,"<a href=""http://twitter.com/download/android"" rel=""nofollow"">Twitter for Android</a>","amarilisnajera2",59,TRUE,FALSE,NA,NA
"94","RT @amilcarmontejo: Ataque armado.

9 avenida 15 calle colonia La Verbena #TransitoGT zona 7. Un hombre fallecio sobre banqueta. Ministerio‚Ä¶",FALSE,0,NA,2019-10-19 04:28:58,FALSE,NA,"1185412497991520256",NA,"<a href=""http://twitter.com/download/android"" rel=""nofollow"">Twitter for Android</a>","eacuezzi",7,TRUE,FALSE,NA,NA
"95","RT @ConsejoMontejo: Esta placa la encontr√≥ Charly Hern√°ndez. Si es suya por favor comunicarse al n√∫mero de tel√©fono 4014-7891.

Gracias por‚Ä¶",FALSE,0,NA,2019-10-19 04:21:11,FALSE,NA,"1185410541025660928",NA,"<a href=""http://twitter.com/download/android"" rel=""nofollow"">Twitter for Android</a>","clapiedrasanta",59,TRUE,FALSE,NA,NA
"96","RT @Noti_Atlantico: Dejan semirremolque o estanque en ""V"" cruzado en ruta El Atl√°ntico, km 16 #TransitoGT zona 25.

Afecta a usuarios que s‚Ä¶",FALSE,0,NA,2019-10-19 04:18:53,FALSE,NA,"1185409961981104128",NA,"<a href=""http://twitter.com/download/android"" rel=""nofollow"">Twitter for Android</a>","jiflores_1",6,TRUE,FALSE,NA,NA
"97","RT @Guatevision_tv: [#TR√ÅFICOGT] @SantosDalia reporta fuerte accidente de #Tr√°ficoGT sobre el km 15 de la ruta al Pac√≠fico, carriles con di‚Ä¶",FALSE,0,NA,2019-10-19 04:14:06,FALSE,NA,"1185408758920335360",NA,"<a href=""http://twitter.com/download/android"" rel=""nofollow"">Twitter for Android</a>","AlejandroMuhun",5,TRUE,FALSE,NA,NA
"98","RT @gerfranreyes: En el reversible de la Aguilar Batres un motorista choc√≥ a otro, y as√≠ los dos üëáüèºüòÅ

#TraficoGT #TransitoGT https://t.co/p‚Ä¶",FALSE,0,NA,2019-10-19 04:08:07,FALSE,NA,"1185407253207310337",NA,"<a href=""https://about.twitter.com/products/tweetdeck"" rel=""nofollow"">TweetDeck</a>","soytipazo",2,TRUE,FALSE,NA,NA
"99","RT @ConsejoMontejo: Esta placa la encontr√≥ Charly Hern√°ndez. Si es suya por favor comunicarse al n√∫mero de tel√©fono 4014-7891.

Gracias por‚Ä¶",FALSE,0,NA,2019-10-19 04:06:39,FALSE,NA,"1185406881545752577",NA,"<a href=""http://twitter.com/download/android"" rel=""nofollow"">Twitter for Android</a>","ramirez_juanma",59,TRUE,FALSE,NA,NA
"100","RT @ConsejoMontejo: Esta placa la encontr√≥ Charly Hern√°ndez. Si es suya por favor comunicarse al n√∫mero de tel√©fono 4014-7891.

Gracias por‚Ä¶",FALSE,0,NA,2019-10-19 04:04:50,FALSE,NA,"1185406427692748800",NA,"<a href=""http://twitter.com/download/android"" rel=""nofollow"">Twitter for Android</a>","marcomvms",59,TRUE,FALSE,NA,NA
